Problem,Dimension,Track,Scaled,Prob,NrFeat,Model,Validation.Acc,Training.Acc,phi.proc,phi.startTime,phi.endTime,phi.jobOps,phi.arrivalTime,phi.totproc,phi.wait,phi.mac,phi.macOps,phi.macfree,phi.makespan,phi.step,phi.slotReduced,phi.slots,phi.slotsTotal,phi.wrmMac,phi.wrmJob,phi.wrmTotal
f.rnd,10x10,OPT,F,opt,16,1,76.22,76.65,0.0176233193635279,0.00825793068755515,0.025881250051068,-0.660195953189659,0.00159468326613187,0.000927117157682366,0.00666324742136383,-0.660195953189659,-0.936372779361776,-0.0208405773443339,0.000998685357167935,0,0.00167912332458338,0.00198599474905864,-0.00167912332458338,0.00180878856669902,-0.00189528058118063,0
f.rnd,10x10,OPT,F,opt,1,1,64.36,64.62,0.0103624030789602,0,0,0,0,0,0,0,0,0,0,0,0,0,0,0,0,0
f.rnd,10x10,OPT,F,opt,1,2,51.38,51.5,0,0.00151557371997475,0,0,0,0,0,0,0,0,0,0,0,0,0,0,0,0
f.rnd,10x10,OPT,F,opt,1,3,63.73,63.65,0,0,-0.00741492003531438,0,0,0,0,0,0,0,0,0,0,0,0,0,0,0
f.rnd,10x10,OPT,F,opt,1,4,63.61,64.67,0,0,0,-0.159986020951254,0,0,0,0,0,0,0,0,0,0,0,0,0,0
f.rnd,10x10,OPT,F,opt,1,5,59.89,60.3,0,0,0,0,0.00258368783365005,0,0,0,0,0,0,0,0,0,0,0,0,0
f.rnd,10x10,OPT,F,opt,1,6,50.9,50.62,0,0,0,0,0,0.000299186652734041,0,0,0,0,0,0,0,0,0,0,0,0
f.rnd,10x10,OPT,F,opt,1,7,61.19,61.37,0,0,0,0,0,0,0.00287692655716141,0,0,0,0,0,0,0,0,0,0,0
f.rnd,10x10,OPT,F,opt,1,8,63.61,64.67,0,0,0,0,0,0,0,-0.16097732155416,0,0,0,0,0,0,0,0,0,0
f.rnd,10x10,OPT,F,opt,1,9,63.61,64.67,0,0,0,0,0,0,0,0,-0.127651504657781,0,0,0,0,0,0,0,0,0
f.rnd,10x10,OPT,F,opt,1,10,63.73,63.64,0,0,0,0,0,0,0,0,0,0.00744051388917427,0,0,0,0,0,0,0,0
f.rnd,10x10,OPT,F,opt,1,11,62.64,62.71,0,0,0,0,0,0,0,0,0,0,-0.0087222673381617,0,0,0,0,0,0,0
f.rnd,10x10,OPT,F,opt,1,12,57.82,57.85,0,0,0,0,0,0,0,0,0,0,0,0,0.00458090064291653,0,0,0,0,0
f.rnd,10x10,OPT,F,opt,1,13,62.47,63.59,0,0,0,0,0,0,0,0,0,0,0,0,0,0.00268514983159186,0,0,0,0
f.rnd,10x10,OPT,F,opt,1,14,57.82,57.85,0,0,0,0,0,0,0,0,0,0,0,0,0,0,0.00461624985257,0,0,0
f.rnd,10x10,OPT,F,opt,1,15,55.12,55.86,0,0,0,0,0,0,0,0,0,0,0,0,0,0,0,0.00109767976133991,0,0
f.rnd,10x10,OPT,F,opt,1,16,59.93,61.12,0,0,0,0,0,0,0,0,0,0,0,0,0,0,0,0,0.00224720958298034,0
f.rnd,10x10,OPT,F,opt,2,1,64.53,65.08,-0.0213360468015868,-0.00519066196683256,0,0,0,0,0,0,0,0,0,0,0,0,0,0,0,0
f.rnd,10x10,OPT,F,opt,2,2,64.6,65.08,0.0158626086697231,0,0.00543545809237713,0,0,0,0,0,0,0,0,0,0,0,0,0,0,0
f.rnd,10x10,OPT,F,opt,2,3,64.58,65.09,0,0.0160140083567604,-0.0213974385168819,0,0,0,0,0,0,0,0,0,0,0,0,0,0,0
f.rnd,10x10,OPT,F,opt,2,4,69.78,69.93,0.0217579854718779,0,0,-0.329803736361525,0,0,0,0,0,0,0,0,0,0,0,0,0,0
f.rnd,10x10,OPT,F,opt,2,5,64.74,65.89,0,0.00451480054124772,0,-0.323232448463797,0,0,0,0,0,0,0,0,0,0,0,0,0,0
f.rnd,10x10,OPT,F,opt,2,6,70.2,70.93,0,0,0.016401903705093,-0.342127262950765,0,0,0,0,0,0,0,0,0,0,0,0,0,0
f.rnd,10x10,OPT,F,opt,2,7,68.51,68.87,-0.0198546989730061,0,0,0,0.00477270279267868,0,0,0,0,0,0,0,0,0,0,0,0,0
f.rnd,10x10,OPT,F,opt,2,8,62.87,63.47,0,-0.00879379072220548,0,0,0.00582290184791229,0,0,0,0,0,0,0,0,0,0,0,0,0
f.rnd,10x10,OPT,F,opt,2,9,70.02,70.23,0,0,0.0169905479372824,0,-0.00595904570244449,0,0,0,0,0,0,0,0,0,0,0,0,0
f.rnd,10x10,OPT,F,opt,2,10,62.83,63.65,0,0,0,0.22740047732882,0.00258752189487684,0,0,0,0,0,0,0,0,0,0,0,0,0
f.rnd,10x10,OPT,F,opt,2,11,64.83,65.09,0.0223915527227382,0,0,0,0,-0.00137688594843811,0,0,0,0,0,0,0,0,0,0,0,0
f.rnd,10x10,OPT,F,opt,2,12,51.87,52.05,0,-0.00304959007834881,0,0,0,-0.000600817520282261,0,0,0,0,0,0,0,0,0,0,0,0
f.rnd,10x10,OPT,F,opt,2,13,64.04,64.1,0,0,0.0155600126493185,0,0,-0.000814128291819529,0,0,0,0,0,0,0,0,0,0,0,0
f.rnd,10x10,OPT,F,opt,2,14,63.24,64.33,0,0,0,0.330719822306708,0,-0.00140111841901156,0,0,0,0,0,0,0,0,0,0,0,0
f.rnd,10x10,OPT,F,opt,2,15,60.58,61.36,0,0,0,0,0.00551569448626842,-0.00185923255249273,0,0,0,0,0,0,0,0,0,0,0,0
f.rnd,10x10,OPT,F,opt,2,16,69.53,69.84,0.0199683243775876,0,0,0,0,0,0.00542064101276544,0,0,0,0,0,0,0,0,0,0,0
f.rnd,10x10,OPT,F,opt,2,17,62.88,63.47,0,0.00299966065212195,0,0,0,0,0.00584483060908109,0,0,0,0,0,0,0,0,0,0,0
f.rnd,10x10,OPT,F,opt,2,18,69.64,69.69,0,0,0.0144729471168469,0,0,0,0.00558342146248759,0,0,0,0,0,0,0,0,0,0,0
f.rnd,10x10,OPT,F,opt,2,19,62.96,63.76,0,0,0,-0.211619398886449,0,0,0.00316505809596844,0,0,0,0,0,0,0,0,0,0,0
f.rnd,10x10,OPT,F,opt,2,20,62.87,63.47,0,0,0,0,0.00295024014719,0,0.00871844813360815,0,0,0,0,0,0,0,0,0,0,0
f.rnd,10x10,OPT,F,opt,2,21,63.05,63.39,0,0,0,0,0,-0.00195216663890613,-0.00619739016958113,0,0,0,0,0,0,0,0,0,0,0
f.rnd,10x10,OPT,F,opt,2,22,69.77,69.93,0.0214739381741371,0,0,0,0,0,0,-0.32614911694892,0,0,0,0,0,0,0,0,0,0
f.rnd,10x10,OPT,F,opt,2,23,64.74,65.89,0,0.00443858175719502,0,0,0,0,0,-0.323529783694078,0,0,0,0,0,0,0,0,0,0
f.rnd,10x10,OPT,F,opt,2,24,70.14,70.92,0,0,0.0164399149912013,0,0,0,0,-0.347303111167637,0,0,0,0,0,0,0,0,0,0
f.rnd,10x10,OPT,F,opt,2,25,63.61,64.67,0,0,0,-0.162436504680421,0,0,0,-0.162436504680421,0,0,0,0,0,0,0,0,0,0
f.rnd,10x10,OPT,F,opt,2,26,62.83,63.64,0,0,0,0,0.00256089289396544,0,0,0.22893510045077,0,0,0,0,0,0,0,0,0,0
f.rnd,10x10,OPT,F,opt,2,27,63.2,64.32,0,0,0,0,0,0.00144670972608997,0,-0.329430534231562,0,0,0,0,0,0,0,0,0,0
f.rnd,10x10,OPT,F,opt,2,28,62.96,63.76,0,0,0,0,0,0,0.00320299371380693,-0.212285494628784,0,0,0,0,0,0,0,0,0,0
f.rnd,10x10,OPT,F,opt,2,29,68.17,68.4,-0.0208302704977602,0,0,0,0,0,0,0,-0.256727952255895,0,0,0,0,0,0,0,0,0
f.rnd,10x10,OPT,F,opt,2,30,64.74,65.87,0,-0.00154422931185898,0,0,0,0,0,0,-0.2563530438705,0,0,0,0,0,0,0,0,0
f.rnd,10x10,OPT,F,opt,2,31,68.23,68.75,0,0,0.0144906828787625,0,0,0,0,0,0.255398421968271,0,0,0,0,0,0,0,0,0
f.rnd,10x10,OPT,F,opt,2,32,65.94,66.9,0,0,0,-0.881301406638041,0,0,0,0,-0.537196893038826,0,0,0,0,0,0,0,0,0
f.rnd,10x10,OPT,F,opt,2,33,61.94,62.66,0,0,0,0,0.00333474123597123,0,0,0,-0.150634070699115,0,0,0,0,0,0,0,0,0
f.rnd,10x10,OPT,F,opt,2,34,62.75,63.98,0,0,0,0,0,-0.00130235276683499,0,0,-0.265039036234763,0,0,0,0,0,0,0,0,0
f.rnd,10x10,OPT,F,opt,2,35,62.91,63.65,0,0,0,0,0,0,0.0040215206809039,0,0.127671627565659,0,0,0,0,0,0,0,0,0
f.rnd,10x10,OPT,F,opt,2,36,65.94,66.9,0,0,0,0,0,0,0,-0.863717172828614,-0.521243214213762,0,0,0,0,0,0,0,0,0
f.rnd,10x10,OPT,F,opt,2,37,64.51,65.08,-0.0161006650200247,0,0,0,0,0,0,0,0,-0.00517306063875147,0,0,0,0,0,0,0,0
f.rnd,10x10,OPT,F,opt,2,38,64.49,65.01,0,0.0157101567442755,0,0,0,0,0,0,0,-0.0211802202195607,0,0,0,0,0,0,0,0
f.rnd,10x10,OPT,F,opt,2,39,63.73,63.65,0,0,0.00738665206832191,0,0,0,0,0,0,0.00733292953819247,0,0,0,0,0,0,0,0
f.rnd,10x10,OPT,F,opt,2,40,70.2,70.93,0,0,0,-0.342995936170232,0,0,0,0,0,0.0164618884390411,0,0,0,0,0,0,0,0
f.rnd,10x10,OPT,F,opt,2,41,69.97,70.19,0,0,0,0,0.00595354117955975,0,0,0,0,-0.0170583399719287,0,0,0,0,0,0,0,0
f.rnd,10x10,OPT,F,opt,2,42,64.05,64.08,0,0,0,0,0,0.000815403980125634,0,0,0,-0.015397513793838,0,0,0,0,0,0,0,0
f.rnd,10x10,OPT,F,opt,2,43,69.63,69.68,0,0,0,0,0,0,0.00564124346150613,0,0,0.0146669043768653,0,0,0,0,0,0,0,0
f.rnd,10x10,OPT,F,opt,2,44,70.14,70.91,0,0,0,0,0,0,0,-0.345342765682417,0,0.0164017036473426,0,0,0,0,0,0,0,0
f.rnd,10x10,OPT,F,opt,2,45,68.26,68.72,0,0,0,0,0,0,0,0,0.253895240681428,0.0146593888837473,0,0,0,0,0,0,0,0
f.rnd,10x10,OPT,F,opt,2,46,64.48,65.09,0.0169481586902302,0,0,0,0,0,0,0,0,0,0.00533261069780458,0,0,0,0,0,0,0
f.rnd,10x10,OPT,F,opt,2,47,63.63,63.89,0,-0.0117721906724639,0,0,0,0,0,0,0,0,0.022825066466925,0,0,0,0,0,0,0
f.rnd,10x10,OPT,F,opt,2,48,63.73,63.65,0,0,0.013046202400578,0,0,0,0,0,0,0,0.00223351386333618,0,0,0,0,0,0,0
f.rnd,10x10,OPT,F,opt,2,49,69.19,70.01,0,0,0,-0.342386246309675,0,0,0,0,0,0,0.019406307752638,0,0,0,0,0,0,0
f.rnd,10x10,OPT,F,opt,2,50,69.18,69.57,0,0,0,0,-0.0058272001242923,0,0,0,0,0,0.019674311940175,0,0,0,0,0,0,0
f.rnd,10x10,OPT,F,opt,2,51,62.88,62.91,0,0,0,0,0,0.00070860638595771,0,0,0,0,-0.0178656501185082,0,0,0,0,0,0,0
f.rnd,10x10,OPT,F,opt,2,52,68.92,69.11,0,0,0,0,0,0,-0.00570534339867968,0,0,0,-0.0169523991448072,0,0,0,0,0,0,0
f.rnd,10x10,OPT,F,opt,2,53,69.17,70,0,0,0,0,0,0,0,-0.340443399555868,0,0,0.0191477197662219,0,0,0,0,0,0,0
f.rnd,10x10,OPT,F,opt,2,54,67.45,68.08,0,0,0,0,0,0,0,0,-0.251846095047431,0,-0.0168024566784111,0,0,0,0,0,0,0
f.rnd,10x10,OPT,F,opt,2,55,63.73,63.64,0,0,0,0,0,0,0,0,0,-0.012563243511937,-0.00284911358672045,0,0,0,0,0,0,0
f.rnd,10x10,OPT,F,opt,2,56,66.58,66.71,0.0203269160219484,0,0,0,0,0,0,0,0,0,0,0,0.00840085197347316,0,0,0,0,0
f.rnd,10x10,OPT,F,opt,2,57,56.87,56.6,0,0.0058983682415405,0,0,0,0,0,0,0,0,0,0,0.00984132850921967,0,0,0,0,0
f.rnd,10x10,OPT,F,opt,2,58,66.56,66.59,0,0,0.0159130763433556,0,0,0,0,0,0,0,0,0,0.010090577703484,0,0,0,0,0
f.rnd,10x10,OPT,F,opt,2,59,62.49,63.47,0,0,0,0.280372499607734,0,0,0,0,0,0,0,0,-0.00290146874049304,0,0,0,0,0
f.rnd,10x10,OPT,F,opt,2,60,60.48,61.04,0,0,0,0,0.0040272200702179,0,0,0,0,0,0,0,-0.00509424395825617,0,0,0,0,0
f.rnd,10x10,OPT,F,opt,2,61,56.14,56.3,0,0,0,0,0,0.000648928465975839,0,0,0,0,0,0,0.00923123742117839,0,0,0,0,0
f.rnd,10x10,OPT,F,opt,2,62,60.76,61.45,0,0,0,0,0,0,0.00465955166964848,0,0,0,0,0,0.0049308847751076,0,0,0,0,0
f.rnd,10x10,OPT,F,opt,2,63,62.48,63.46,0,0,0,0,0,0,0,-0.278879243368641,0,0,0,0,0.00292083556902083,0,0,0,0,0
f.rnd,10x10,OPT,F,opt,2,64,61.69,62.5,0,0,0,0,0,0,0,0,-0.191805413191276,0,0,0,-0.00491257315017717,0,0,0,0,0
f.rnd,10x10,OPT,F,opt,2,65,66.55,66.56,0,0,0,0,0,0,0,0,0,0.0159886677456287,0,0,0.00991131413933211,0,0,0,0,0
f.rnd,10x10,OPT,F,opt,2,66,65.85,65.94,0,0,0,0,0,0,0,0,0,0,0.0186081744898016,0,0.00988968832859132,0,0,0,0,0
f.rnd,10x10,OPT,F,opt,2,67,68.19,68.78,0.0204414757323572,0,0,0,0,0,0,0,0,0,0,0,0,-0.00513637014482538,0,0,0,0
f.rnd,10x10,OPT,F,opt,2,68,64.56,65.77,0,0.00570097922759485,0,0,0,0,0,0,0,0,0,0,0,-0.00546918325017991,0,0,0,0
f.rnd,10x10,OPT,F,opt,2,69,68.63,69.39,0,0,0.0162732595215842,0,0,0,0,0,0,0,0,0,0,-0.0057760528044326,0,0,0,0
f.rnd,10x10,OPT,F,opt,2,70,64.6,65.78,0,0,0,0.399621737331937,0,0,0,0,0,0,0,0,0,-0.00181151004258182,0,0,0,0
f.rnd,10x10,OPT,F,opt,2,71,62.26,63.12,0,0,0,0,-0.00344241572291727,0,0,0,0,0,0,0,0,-0.00297255714305897,0,0,0,0
f.rnd,10x10,OPT,F,opt,2,72,61.77,62.79,0,0,0,0,0,0.00163880443404191,0,0,0,0,0,0,0,-0.00556210396012858,0,0,0,0
f.rnd,10x10,OPT,F,opt,2,73,62.84,63.78,0,0,0,0,0,0,-0.00421681218398866,0,0,0,0,0,0,0.00259901055033914,0,0,0,0
f.rnd,10x10,OPT,F,opt,2,74,64.62,65.78,0,0,0,0,0,0,0,-0.394790250193102,0,0,0,0,0,0.00170420579159307,0,0,0,0
f.rnd,10x10,OPT,F,opt,2,75,62.32,63.21,0,0,0,0,0,0,0,0,0.102312912970887,0,0,0,0,-0.00340291133546913,0,0,0,0
f.rnd,10x10,OPT,F,opt,2,76,68.66,69.38,0,0,0,0,0,0,0,0,0,0.015986374413132,0,0,0,-0.00569630053508491,0,0,0,0
f.rnd,10x10,OPT,F,opt,2,77,68.05,68.68,0,0,0,0,0,0,0,0,0,0,-0.0187591782257756,0,0,0.00568919305712763,0,0,0,0
f.rnd,10x10,OPT,F,opt,2,78,62.05,63.14,0,0,0,0,0,0,0,0,0,0,0,0,0.00462747052567012,-0.00386409375914718,0,0,0,0
f.rnd,10x10,OPT,F,opt,2,79,66.58,66.7,0.0203421809261609,0,0,0,0,0,0,0,0,0,0,0,0,0,-0.00851192766183143,0,0,0
f.rnd,10x10,OPT,F,opt,2,80,56.86,56.61,0,-0.00577454762783486,0,0,0,0,0,0,0,0,0,0,0,0,0.0095807066291958,0,0,0
f.rnd,10x10,OPT,F,opt,2,81,66.57,66.58,0,0,0.0159660809608463,0,0,0,0,0,0,0,0,0,0,0,-0.0101441406422592,0,0,0
f.rnd,10x10,OPT,F,opt,2,82,62.5,63.46,0,0,0,0.275914126954963,0,0,0,0,0,0,0,0,0,0,0.0029996588591921,0,0,0
f.rnd,10x10,OPT,F,opt,2,83,60.46,61.04,0,0,0,0,0.00410051045022292,0,0,0,0,0,0,0,0,0,0.00508182266398262,0,0,0
f.rnd,10x10,OPT,F,opt,2,84,56.1,56.25,0,0,0,0,0,0.000682005189787626,0,0,0,0,0,0,0,0,-0.00923094548872848,0,0,0
f.rnd,10x10,OPT,F,opt,2,85,60.76,61.45,0,0,0,0,0,0,0.00462237682150446,0,0,0,0,0,0,0,-0.00490954146762397,0,0,0
f.rnd,10x10,OPT,F,opt,2,86,62.49,63.46,0,0,0,0,0,0,0,-0.277424500627019,0,0,0,0,0,0,-0.00298002117687022,0,0,0
f.rnd,10x10,OPT,F,opt,2,87,61.66,62.47,0,0,0,0,0,0,0,0,0.186085791635988,0,0,0,0,0,-0.00500161029763368,0,0,0
f.rnd,10x10,OPT,F,opt,2,88,66.54,66.55,0,0,0,0,0,0,0,0,0,-0.0161890021671493,0,0,0,0,0.0101283713806913,0,0,0
f.rnd,10x10,OPT,F,opt,2,89,65.86,65.94,0,0,0,0,0,0,0,0,0,0,0.0185854988570468,0,0,0,-0.00993863297486327,0,0,0
f.rnd,10x10,OPT,F,opt,2,90,57.82,57.85,0,0,0,0,0,0,0,0,0,0,0,0,-0.00464598912669551,0,0.00464598912669551,0,0,0
f.rnd,10x10,OPT,F,opt,2,91,62.04,63.15,0,0,0,0,0,0,0,0,0,0,0,0,0,0.00385289899105681,0.00456741435162974,0,0,0
f.rnd,10x10,OPT,F,opt,2,92,66.54,66.32,0.022962858181583,0,0,0,0,0,0,0,0,0,0,0,0,0,0,-0.00321073633027775,0,0
f.rnd,10x10,OPT,F,opt,2,93,55.9,56.83,0,-0.00230641142183098,0,0,0,0,0,0,0,0,0,0,0,0,0,0.00213785101545171,0,0
f.rnd,10x10,OPT,F,opt,2,94,65.03,65.18,0,0,0.0156120922824346,0,0,0,0,0,0,0,0,0,0,0,0,-0.00268723396769682,0,0
f.rnd,10x10,OPT,F,opt,2,95,65.41,65.78,0,0,0,-0.573130822685622,0,0,0,0,0,0,0,0,0,0,0,0.00593370086508093,0,0
f.rnd,10x10,OPT,F,opt,2,96,59.81,60.24,0,0,0,0,-0.00530475690851721,0,0,0,0,0,0,0,0,0,0,0.000194327470058974,0,0
f.rnd,10x10,OPT,F,opt,2,97,54.06,54.86,0,0,0,0,0,-0.000876442114244294,0,0,0,0,0,0,0,0,0,0.0023492449028733,0,0
f.rnd,10x10,OPT,F,opt,2,98,61.39,61.71,0,0,0,0,0,0,0.00609327927639906,0,0,0,0,0,0,0,0,0.000614913400035502,0,0
f.rnd,10x10,OPT,F,opt,2,99,65.38,65.78,0,0,0,0,0,0,0,-0.574869931605241,0,0,0,0,0,0,0,0.00596719058690853,0,0
f.rnd,10x10,OPT,F,opt,2,100,61.98,63.07,0,0,0,0,0,0,0,0,-0.468189311549404,0,0,0,0,0,0,-0.0050646809504611,0,0
f.rnd,10x10,OPT,F,opt,2,101,65.03,65.17,0,0,0,0,0,0,0,0,0,-0.0154775211393114,0,0,0,0,0,0.00267142099173774,0,0
f.rnd,10x10,OPT,F,opt,2,102,63.94,64.34,0,0,0,0,0,0,0,0,0,0,-0.0182377388700503,0,0,0,0,0.00265490122432991,0,0
f.rnd,10x10,OPT,F,opt,2,103,58.21,58.69,0,0,0,0,0,0,0,0,0,0,0,0,0.00864800183021979,0,0,-0.000671366582979473,0,0
f.rnd,10x10,OPT,F,opt,2,104,62.08,63.03,0,0,0,0,0,0,0,0,0,0,0,0,0,0.00681364895544159,0,-0.00195109866666362,0,0
f.rnd,10x10,OPT,F,opt,2,105,58.36,58.71,0,0,0,0,0,0,0,0,0,0,0,0,0,0,0.00869424386832271,0.00060837611287153,0,0
f.rnd,10x10,OPT,F,opt,2,106,66.82,67.01,-0.0176289697453988,0,0,0,0,0,0,0,0,0,0,0,0,0,0,0,-0.00345188184462029,0
f.rnd,10x10,OPT,F,opt,2,107,61.02,62.09,0,-0.00462439278485295,0,0,0,0,0,0,0,0,0,0,0,0,0,0,-0.00457377939714512,0
f.rnd,10x10,OPT,F,opt,2,108,66.36,66.93,0,0,0.0131926643990668,0,0,0,0,0,0,0,0,0,0,0,0,0,0.00396531652671239,0
f.rnd,10x10,OPT,F,opt,2,109,62.69,64.02,0,0,0,-0.240567513911208,0,0,0,0,0,0,0,0,0,0,0,0,0.00161668801771878,0
f.rnd,10x10,OPT,F,opt,2,110,62.53,63.65,0,0,0,0,-0.00390093332339241,0,0,0,0,0,0,0,0,0,0,0,0.00319157500145106,0
f.rnd,10x10,OPT,F,opt,2,111,62.21,63.24,0,0,0,0,0,-0.00362723455762535,0,0,0,0,0,0,0,0,0,0,0.00633873109890736,0
f.rnd,10x10,OPT,F,opt,2,112,63.4,64.61,0,0,0,0,0,0,0.00448742727792449,0,0,0,0,0,0,0,0,0,0.00313541120438165,0
f.rnd,10x10,OPT,F,opt,2,113,62.77,64.12,0,0,0,0,0,0,0,-0.258802755023719,0,0,0,0,0,0,0,0,0.00146653450032479,0
f.rnd,10x10,OPT,F,opt,2,114,61.77,63.08,0,0,0,0,0,0,0,0,-0.165513267259279,0,0,0,0,0,0,0,-0.00254576201874151,0
f.rnd,10x10,OPT,F,opt,2,115,66.34,66.94,0,0,0,0,0,0,0,0,0,0.0130336934317343,0,0,0,0,0,0,0.00396618255213853,0
f.rnd,10x10,OPT,F,opt,2,116,65.78,66.5,0,0,0,0,0,0,0,0,0,0,-0.015345595935854,0,0,0,0,0,-0.00403964051474403,0
f.rnd,10x10,OPT,F,opt,2,117,60,60.87,0,0,0,0,0,0,0,0,0,0,0,0,-0.00586762124358086,0,0,0,-0.00344869570147822,0
f.rnd,10x10,OPT,F,opt,2,118,61.79,62.94,0,0,0,0,0,0,0,0,0,0,0,0,0,0.00346182683771085,0,0,-0.00270359020104827,0
f.rnd,10x10,OPT,F,opt,2,119,59.99,60.86,0,0,0,0,0,0,0,0,0,0,0,0,0,0,0.00587355919847164,0,-0.00339257376888082,0
f.rnd,10x10,OPT,F,opt,2,120,60.24,61.35,0,0,0,0,0,0,0,0,0,0,0,0,0,0,0,0.000373552764446717,0.00471907678286294,0
f.rnd,10x10,OPT,F,opt,3,1,64.58,65.09,-0.0123914933160571,0.00352588124433044,-0.00886561207172676,0,0,0,0,0,0,0,0,0,0,0,0,0,0,0
f.rnd,10x10,OPT,F,opt,3,2,70.31,70.68,0.0220673051473224,0.00710595232722592,0,-0.332898644321403,0,0,0,0,0,0,0,0,0,0,0,0,0,0
f.rnd,10x10,OPT,F,opt,3,3,70.3,70.66,0.0151920602477336,0,0.0069883023583905,-0.332624501296847,0,0,0,0,0,0,0,0,0,0,0,0,0,0
f.rnd,10x10,OPT,F,opt,3,4,70.28,70.65,0,-0.0152899992263747,0.0221279333881091,-0.333128735465254,0,0,0,0,0,0,0,0,0,0,0,0,0,0
f.rnd,10x10,OPT,F,opt,3,5,69.7,70.18,0.0203300223892314,0.0110115136133939,0,0,-0.00546802438604083,0,0,0,0,0,0,0,0,0,0,0,0,0
f.rnd,10x10,OPT,F,opt,3,6,69.7,70.17,0.00924551730495295,0,0.0112352803254035,0,-0.00550283241659971,0,0,0,0,0,0,0,0,0,0,0,0,0
f.rnd,10x10,OPT,F,opt,3,7,69.66,70.15,0,-0.00973055338839103,0.0205263253679021,0,-0.00546822478364765,0,0,0,0,0,0,0,0,0,0,0,0,0
f.rnd,10x10,OPT,F,opt,3,8,70.13,70.47,-0.020990560473081,0,0,0.272525863570479,0.00173218536873123,0,0,0,0,0,0,0,0,0,0,0,0,0
f.rnd,10x10,OPT,F,opt,3,9,64.37,65.39,0,0.00702003969861056,0,-0.216561636308002,-0.00310615211689295,0,0,0,0,0,0,0,0,0,0,0,0,0
f.rnd,10x10,OPT,F,opt,3,10,71.19,71.67,0,0,0.017043514212244,-0.225609166155977,-0.0033395461415067,0,0,0,0,0,0,0,0,0,0,0,0,0
f.rnd,10x10,OPT,F,opt,3,11,65.21,65.52,0.0227146305646688,0.00559920417748306,0,0,0,-0.00147122929620197,0,0,0,0,0,0,0,0,0,0,0,0
f.rnd,10x10,OPT,F,opt,3,12,65.19,65.5,0.0172484449020222,0,0.00554437528257683,0,0,-0.00147215306169464,0,0,0,0,0,0,0,0,0,0,0,0
f.rnd,10x10,OPT,F,opt,3,13,65.21,65.49,0,0.0173483383548686,-0.0229608837157083,0,0,0.0015109867774752,0,0,0,0,0,0,0,0,0,0,0,0
f.rnd,10x10,OPT,F,opt,3,14,69.75,69.98,0.0221906445390717,0,0,-0.326088359636433,0,-0.000660843908482432,0,0,0,0,0,0,0,0,0,0,0,0
f.rnd,10x10,OPT,F,opt,3,15,64.05,65.25,0,-0.00428596549343645,0,0.331492414871051,0,-0.00137216012557307,0,0,0,0,0,0,0,0,0,0,0,0
f.rnd,10x10,OPT,F,opt,3,16,70.27,71,0,0,-0.0165483552134978,0.340176186346411,0,0.000175089076664773,0,0,0,0,0,0,0,0,0,0,0,0
f.rnd,10x10,OPT,F,opt,3,17,68.51,68.87,-0.0199470428740257,0,0,0,0.00475980208610463,0.000141249671206998,0,0,0,0,0,0,0,0,0,0,0,0
f.rnd,10x10,OPT,F,opt,3,18,63.56,64.03,0,-0.00886651321847328,0,0,0.00610954764851808,-0.00193266716977248,0,0,0,0,0,0,0,0,0,0,0,0
f.rnd,10x10,OPT,F,opt,3,19,69.94,70.22,0,0,-0.0167127720855244,0,0.00602813233330779,-0.000333430626094596,0,0,0,0,0,0,0,0,0,0,0,0
f.rnd,10x10,OPT,F,opt,3,20,62.93,64.16,0,0,0,-0.223562979556725,-0.00296058670846619,0.00181002821625058,0,0,0,0,0,0,0,0,0,0,0,0
f.rnd,10x10,OPT,F,opt,3,21,69.69,70.18,0.0202898017947587,0.00551505223437631,0,0,0,0,0.00544689284682161,0,0,0,0,0,0,0,0,0,0,0
f.rnd,10x10,OPT,F,opt,3,22,69.69,70.17,-0.0146445872881782,0,-0.00576100217141971,0,0,0,-0.00545408106722091,0,0,0,0,0,0,0,0,0,0,0
f.rnd,10x10,OPT,F,opt,3,23,69.69,70.17,0,0.0150833417929524,-0.0205631597621649,0,0,0,-0.0054926956214898,0,0,0,0,0,0,0,0,0,0,0
f.rnd,10x10,OPT,F,opt,3,24,70.52,70.93,-0.021413462916794,0,0,0.24506801435644,0,0,-0.00251183993340055,0,0,0,0,0,0,0,0,0,0,0
f.rnd,10x10,OPT,F,opt,3,25,64.35,65.36,0,-0.00378634367903758,0,0.215951511250345,0,0,-0.00312907768035965,0,0,0,0,0,0,0,0,0,0,0
f.rnd,10x10,OPT,F,opt,3,26,70.99,71.58,0,0,0.0159873683686127,-0.262136351238762,0,0,0.00252582989644001,0,0,0,0,0,0,0,0,0,0,0
f.rnd,10x10,OPT,F,opt,3,27,69.65,70.17,0.0204671664743247,0,0,0,0.00511984339304584,0,0.0105733087447353,0,0,0,0,0,0,0,0,0,0,0
f.rnd,10x10,OPT,F,opt,3,28,62.93,63.46,0,-0.00401281930601166,0,0,0.000892853341848807,0,-0.00490567264785895,0,0,0,0,0,0,0,0,0,0,0
f.rnd,10x10,OPT,F,opt,3,29,69.68,70.16,0,0,-0.0204786208376824,0,0.0149608150858767,0,0.00950148927141734,0,0,0,0,0,0,0,0,0,0,0
f.rnd,10x10,OPT,F,opt,3,30,64.38,65.38,0,0,0,-0.225406460942995,0.00386702380849011,0,0.00690706644427945,0,0,0,0,0,0,0,0,0,0,0
f.rnd,10x10,OPT,F,opt,3,31,69.51,69.84,0.0201708214022563,0,0,0,0,0,0.00545066168003061,0,0,0,0,0,0,0,0,0,0,0
f.rnd,10x10,OPT,F,opt,3,32,63.61,64.03,0,0.00270063828593123,0,0,0,0.0018645242852809,0.00609936935620652,0,0,0,0,0,0,0,0,0,0,0
f.rnd,10x10,OPT,F,opt,3,33,69.59,69.74,0,0,0.0139897516158778,0,0,0.000507540733801713,0.00584274423892719,0,0,0,0,0,0,0,0,0,0,0
f.rnd,10x10,OPT,F,opt,3,34,63.57,64.76,0,0,0,0.216452251867601,0,-0.0018791683873066,-0.00351599018321323,0,0,0,0,0,0,0,0,0,0,0
f.rnd,10x10,OPT,F,opt,3,35,63.62,64.07,0,0,0,0,0.00288509844191728,0.00189302580147318,0.00897757607996883,0,0,0,0,0,0,0,0,0,0,0
f.rnd,10x10,OPT,F,opt,3,36,70.31,70.69,-0.0219958098367444,-0.00710331834137693,0,0,0,0,0,0.332292417644607,0,0,0,0,0,0,0,0,0,0
f.rnd,10x10,OPT,F,opt,3,37,70.3,70.66,-0.0152161981694112,0,-0.00715581234747144,0,0,0,0,0.338091165393824,0,0,0,0,0,0,0,0,0,0
f.rnd,10x10,OPT,F,opt,3,38,70.31,70.68,0,-0.0149317390137266,0.022140377328803,0,0,0,0,-0.334226210076559,0,0,0,0,0,0,0,0,0,0
f.rnd,10x10,OPT,F,opt,3,39,69.78,69.93,-0.0217250914786332,0,0,0.164098433246832,0,0,0,0.164098433246832,0,0,0,0,0,0,0,0,0,0
f.rnd,10x10,OPT,F,opt,3,40,64.74,65.89,0,-0.00430097196325823,0,0.161024009323876,0,0,0,0.161024009323876,0,0,0,0,0,0,0,0,0,0
f.rnd,10x10,OPT,F,opt,3,41,70.2,70.93,0,0,-0.016432677480781,0.172168102239404,0,0,0,0.172168102239404,0,0,0,0,0,0,0,0,0,0
f.rnd,10x10,OPT,F,opt,3,42,70.17,70.54,0.0211448285455988,0,0,0,-0.00180574994294964,0,0,-0.267187408164015,0,0,0,0,0,0,0,0,0,0
f.rnd,10x10,OPT,F,opt,3,43,64.33,65.31,0,0.00674440005995612,0,0,-0.00306895330240319,0,0,-0.224554690419466,0,0,0,0,0,0,0,0,0,0
f.rnd,10x10,OPT,F,opt,3,44,71.13,71.69,0,0,0.0168877204256847,0,-0.00323323935561089,0,0,-0.226621702226338,0,0,0,0,0,0,0,0,0,0
f.rnd,10x10,OPT,F,opt,3,45,62.8,63.64,0,0,0,-0.117425439196003,-0.00250209978980974,0,0,-0.117425439196003,0,0,0,0,0,0,0,0,0,0
f.rnd,10x10,OPT,F,opt,3,46,69.84,70,-0.0222243644927488,0,0,0,0,0.000600443942100585,0,0.322710366177236,0,0,0,0,0,0,0,0,0,0
f.rnd,10x10,OPT,F,opt,3,47,64.03,65.24,0,0.00440781583550052,0,0,0,0.0014296337750484,0,-0.334586375445086,0,0,0,0,0,0,0,0,0,0
f.rnd,10x10,OPT,F,opt,3,48,70.24,70.98,0,0,0.0165650403284243,0,0,-0.00013596369808042,0,-0.343445091045395,0,0,0,0,0,0,0,0,0,0
f.rnd,10x10,OPT,F,opt,3,49,63.23,64.34,0,0,0,-0.165729884501687,0,0.00138915138724324,0,-0.165729884501687,0,0,0,0,0,0,0,0,0,0
f.rnd,10x10,OPT,F,opt,3,50,62.97,64.15,0,0,0,0,0.00297422190560891,-0.00186630162683999,0,0.228238212765277,0,0,0,0,0,0,0,0,0,0
f.rnd,10x10,OPT,F,opt,3,51,70.51,70.95,0.0210472189338506,0,0,0,0,0,0.00257606461106576,-0.240981361747296,0,0,0,0,0,0,0,0,0,0
f.rnd,10x10,OPT,F,opt,3,52,64.35,65.35,0,-0.00375489631715517,0,0,0,0,-0.00312533546032623,0.216015552942642,0,0,0,0,0,0,0,0,0,0
f.rnd,10x10,OPT,F,opt,3,53,70.99,71.59,0,0,-0.0159132721215485,0,0,0,-0.00244848155007335,0.261581739590759,0,0,0,0,0,0,0,0,0,0
f.rnd,10x10,OPT,F,opt,3,54,62.92,63.73,0,0,0,-0.109506087433335,0,0,0.0031051070384201,-0.109506087433335,0,0,0,0,0,0,0,0,0,0
f.rnd,10x10,OPT,F,opt,3,55,64.41,65.39,0,0,0,0,-0.00387731665329159,0,-0.0068679040135597,0.223993586917508,0,0,0,0,0,0,0,0,0,0
f.rnd,10x10,OPT,F,opt,3,56,63.53,64.77,0,0,0,0,0,-0.00183761195216098,-0.00349553525436502,0.218881487446278,0,0,0,0,0,0,0,0,0,0
f.rnd,10x10,OPT,F,opt,3,57,68.35,68.69,0.0210288096391985,0.00421338953540606,0,0,0,0,0,0,0.253989439855093,0,0,0,0,0,0,0,0,0
f.rnd,10x10,OPT,F,opt,3,58,68.3,68.65,0.0167342295343261,0,0.00423065799192834,0,0,0,0,0,0.2441254851313,0,0,0,0,0,0,0,0,0
f.rnd,10x10,OPT,F,opt,3,59,68.32,68.67,0,-0.0169864377726678,0.0212274914316617,0,0,0,0,0,0.256107779442417,0,0,0,0,0,0,0,0,0
f.rnd,10x10,OPT,F,opt,3,60,71.75,72.06,-0.0227414818774209,0,0,0.980539415808274,0,0,0,0,0.629485231180386,0,0,0,0,0,0,0,0,0
f.rnd,10x10,OPT,F,opt,3,61,67.62,68.8,0,0.0109116537916879,0,-1.06375181168499,0,0,0,0,-0.709165398797361,0,0,0,0,0,0,0,0,0
f.rnd,10x10,OPT,F,opt,3,62,73.87,74.53,0,0,0.0217777024962,-1.37793645804638,0,0,0,0,-0.99699385516372,0,0,0,0,0,0,0,0,0
f.rnd,10x10,OPT,F,opt,3,63,69.27,69.45,0.0202072763453521,0,0,0,-0.00278822275519596,0,0,0,0.165590678967184,0,0,0,0,0,0,0,0,0
f.rnd,10x10,OPT,F,opt,3,64,63.45,64.4,0,0.00662207737756564,0,0,-0.00411848040023039,0,0,0,0.122690095210064,0,0,0,0,0,0,0,0,0
f.rnd,10x10,OPT,F,opt,3,65,70.17,70.47,0,0,0.0163356071393743,0,-0.00470355840836526,0,0,0,0.10533574124939,0,0,0,0,0,0,0,0,0
f.rnd,10x10,OPT,F,opt,3,66,66.04,66.75,0,0,0,-0.759470113500039,-0.00335222714186125,0,0,0,-0.53266405039974,0,0,0,0,0,0,0,0,0
f.rnd,10x10,OPT,F,opt,3,67,68.15,68.42,-0.0215513777139749,0,0,0,0,0.000695632638739506,0,0,-0.248940899544935,0,0,0,0,0,0,0,0,0
f.rnd,10x10,OPT,F,opt,3,68,63,64.35,0,0.00163010370448616,0,0,0,0.00131027452725594,0,0,0.263661260797913,0,0,0,0,0,0,0,0,0
f.rnd,10x10,OPT,F,opt,3,69,68.27,68.76,0,0,-0.0147439552567738,0,0,0.000107806773618281,0,0,-0.253683561797753,0,0,0,0,0,0,0,0,0
f.rnd,10x10,OPT,F,opt,3,70,65.55,66.64,0,0,0,-0.873453039745348,0,0.00131186931560856,0,0,-0.520642491695387,0,0,0,0,0,0,0,0,0
f.rnd,10x10,OPT,F,opt,3,71,61.73,63.07,0,0,0,0,-0.00364830340546605,0.0018685847784705,0,0,0.150759829324957,0,0,0,0,0,0,0,0,0
f.rnd,10x10,OPT,F,opt,3,72,69.67,70,0.0203015655741805,0,0,0,0,0,0.00357285714163642,0,0.139626850053017,0,0,0,0,0,0,0,0,0
f.rnd,10x10,OPT,F,opt,3,73,63.47,64.41,0,-0.00236254171190959,0,0,0,0,-0.00408123847124613,0,-0.125455636139012,0,0,0,0,0,0,0,0,0
f.rnd,10x10,OPT,F,opt,3,74,69.77,70.09,0,0,0.0145274129749482,0,0,0,0.00387976079554174,0,0.124768664744234,0,0,0,0,0,0,0,0,0
f.rnd,10x10,OPT,F,opt,3,75,67.64,68.2,0,0,0,-0.917151070657876,0,0,0.00508742879779372,0,-0.736692588093397,0,0,0,0,0,0,0,0,0
f.rnd,10x10,OPT,F,opt,3,76,63.26,64.14,0,0,0,0,0.00300829393902338,0,0.00793288195517515,0,0.0655449064875984,0,0,0,0,0,0,0,0,0
f.rnd,10x10,OPT,F,opt,3,77,62.86,63.94,0,0,0,0,0,-0.00192183042817433,-0.00449999641019384,0,-0.11750801471425,0,0,0,0,0,0,0,0,0
f.rnd,10x10,OPT,F,opt,3,78,71.76,72.1,-0.0226798449907768,0,0,0,0,0,0,0.990858229332372,0.640027281561025,0,0,0,0,0,0,0,0,0
f.rnd,10x10,OPT,F,opt,3,79,67.6,68.79,0,0.0108869747166288,0,0,0,0,0,-1.06371985356402,-0.708693156255148,0,0,0,0,0,0,0,0,0
f.rnd,10x10,OPT,F,opt,3,80,73.91,74.57,0,0,0.0218108046007634,0,0,0,0,-1.39519754254347,-1.01511943303663,0,0,0,0,0,0,0,0,0
f.rnd,10x10,OPT,F,opt,3,81,65.94,66.9,0,0,0,0.436261731033125,0,0,0,0.436261731033125,0.525442477895798,0,0,0,0,0,0,0,0,0
f.rnd,10x10,OPT,F,opt,3,82,66.08,66.68,0,0,0,0,-0.00363820741393109,0,0,-0.788745340460281,-0.578487513648628,0,0,0,0,0,0,0,0,0
f.rnd,10x10,OPT,F,opt,3,83,65.53,66.6,0,0,0,0,0,-0.00130712161987599,0,0.879048582292437,0.524481047932303,0,0,0,0,0,0,0,0,0
f.rnd,10x10,OPT,F,opt,3,84,67.63,68.19,0,0,0,0,0,0,0.00508956071329123,-0.941202887698443,-0.754058659151696,0,0,0,0,0,0,0,0,0
f.rnd,10x10,OPT,F,opt,3,85,64.53,65.08,0.0203566366267604,0.00429250985183267,0,0,0,0,0,0,0,0.000899233779187752,0,0,0,0,0,0,0,0
f.rnd,10x10,OPT,F,opt,3,86,64.54,65.09,-0.0160974638841033,0,-0.00805832270819649,0,0,0,0,0,0,0.00280726471738415,0,0,0,0,0,0,0,0
f.rnd,10x10,OPT,F,opt,3,87,64.57,65.09,0,0.0158418101094749,-0.0210943152141574,0,0,0,0,0,0,0,0,0,0,0,0,0,0,0
f.rnd,10x10,OPT,F,opt,3,88,70.3,70.66,-0.0151326454411512,0,0,0.332161763047096,0,0,0,0,0,-0.00702974209759512,0,0,0,0,0,0,0,0
f.rnd,10x10,OPT,F,opt,3,89,70.3,70.65,0,0.0143067324792522,0,0.335297053957217,0,0,0,0,0,-0.0219949899777848,0,0,0,0,0,0,0,0
f.rnd,10x10,OPT,F,opt,3,90,70.2,70.93,0,0,0.0118349791950659,-0.342841445333356,0,0,0,0,0,0.00456756926909036,0,0,0,0,0,0,0,0
f.rnd,10x10,OPT,F,opt,3,91,69.68,70.16,0.00928389939771954,0,0,0,-0.00552715131564317,0,0,0,0,0.011208667225895,0,0,0,0,0,0,0,0
f.rnd,10x10,OPT,F,opt,3,92,69.62,70.13,0,-0.00903733949525802,0,0,-0.00549817893061473,0,0,0,0,0.0203970020798813,0,0,0,0,0,0,0,0
f.rnd,10x10,OPT,F,opt,3,93,70.01,70.23,0,0,0.00851776888238705,0,-0.00592201317783209,0,0,0,0,0.00839896769535934,0,0,0,0,0,0,0,0
f.rnd,10x10,OPT,F,opt,3,94,71.16,71.67,0,0,0,0.226015624949712,0.00333106522674184,0,0,0,0,-0.0170036786831834,0,0,0,0,0,0,0,0
f.rnd,10x10,OPT,F,opt,3,95,65.2,65.52,0.0171641592083866,0,0,0,0,-0.00148170810995911,0,0,0,0.00565890475329147,0,0,0,0,0,0,0,0
f.rnd,10x10,OPT,F,opt,3,96,65.15,65.42,0,-0.0169592841244683,0,0,0,-0.0014995646179957,0,0,0,0.022687001706789,0,0,0,0,0,0,0,0
f.rnd,10x10,OPT,F,opt,3,97,64.07,64.11,0,0,-0.013501114835225,0,0,0.000827876920578136,0,0,0,-0.00174440884015747,0,0,0,0,0,0,0,0
f.rnd,10x10,OPT,F,opt,3,98,70.24,70.98,0,0,0,-0.341427689664004,0,-0.000120140573811936,0,0,0,0.0165786911439975,0,0,0,0,0,0,0,0
f.rnd,10x10,OPT,F,opt,3,99,69.92,70.19,0,0,0,0,0.00603036890241451,-0.000281552492248658,0,0,0,-0.0168031860230336,0,0,0,0,0,0,0,0
f.rnd,10x10,OPT,F,opt,3,100,69.69,70.19,0.0147092281008577,0,0,0,0,0,0.00552358188652623,0,0,0.00572324094549858,0,0,0,0,0,0,0,0
f.rnd,10x10,OPT,F,opt,3,101,69.62,70.11,0,0.0146374540300271,0,0,0,0,-0.00549674664891293,0,0,-0.0204448492055309,0,0,0,0,0,0,0,0
f.rnd,10x10,OPT,F,opt,3,102,69.66,69.73,0,0,-0.0072889717500045,0,0,0,-0.0056859983119738,0,0,-0.00721903632505087,0,0,0,0,0,0,0,0
f.rnd,10x10,OPT,F,opt,3,103,70.99,71.55,0,0,0,-0.260346206418577,0,0,0.00257043768602042,0,0,0.0160152677055003,0,0,0,0,0,0,0,0
f.rnd,10x10,OPT,F,opt,3,104,69.62,70.1,0,0,0,0,0.0143281178502442,0,0.00894824366962921,0,0,-0.020100022675306,0,0,0,0,0,0,0,0
f.rnd,10x10,OPT,F,opt,3,105,69.54,69.7,0,0,0,0,0,0.000483499366724084,0.00580416739251231,0,0,0.0143002095011358,0,0,0,0,0,0,0,0
f.rnd,10x10,OPT,F,opt,3,106,70.32,70.67,-0.0149283831834164,0,0,0,0,0,0,0.333382256675115,0,-0.00706583451018204,0,0,0,0,0,0,0,0
f.rnd,10x10,OPT,F,opt,3,107,70.3,70.62,0,0.0146117432810881,0,0,0,0,0,0.336304713190803,0,-0.0220722199147446,0,0,0,0,0,0,0,0
f.rnd,10x10,OPT,F,opt,3,108,70.2,70.93,0,0,0.0120125188685577,0,0,0,0,-0.344483068944401,0,0.00445471247796933,0,0,0,0,0,0,0,0
f.rnd,10x10,OPT,F,opt,3,109,70.2,70.93,0,0,0,-0.172021308678277,0,0,0,-0.172021308678277,0,0.0164327880760774,0,0,0,0,0,0,0,0
f.rnd,10x10,OPT,F,opt,3,110,71.16,71.65,0,0,0,0,-0.00329878375129139,0,0,-0.225351251205003,0,0.0169786724417666,0,0,0,0,0,0,0,0
f.rnd,10x10,OPT,F,opt,3,111,70.24,70.97,0,0,0,0,0,-0.000130495995099474,0,-0.338528852685326,0,0.0165731617543938,0,0,0,0,0,0,0,0
f.rnd,10x10,OPT,F,opt,3,112,71.03,71.56,0,0,0,0,0,0,0.00249161012216291,-0.258911266814171,0,0.0160317087075461,0,0,0,0,0,0,0,0
f.rnd,10x10,OPT,F,opt,3,113,68.28,68.65,0.0168879878312603,0,0,0,0,0,0,0,0.24282616756067,0.00413241092635398,0,0,0,0,0,0,0,0
f.rnd,10x10,OPT,F,opt,3,114,68.29,68.65,0,-0.0166943297907891,0,0,0,0,0,0,0.255151075573599,0.021218781544205,0,0,0,0,0,0,0,0
f.rnd,10x10,OPT,F,opt,3,115,68.27,68.73,0,0,-0.00998129893283062,0,0,0,0,0,-0.246613014747743,-0.00440700723889019,0,0,0,0,0,0,0,0
f.rnd,10x10,OPT,F,opt,3,116,73.73,74.44,0,0,0,1.30428086188165,0,0,0,0,0.932271295086773,-0.0214433352596046,0,0,0,0,0,0,0,0
f.rnd,10x10,OPT,F,opt,3,117,70.1,70.41,0,0,0,0,0.00462094556456204,0,0,0,-0.104627397584412,-0.0164805838652417,0,0,0,0,0,0,0,0
f.rnd,10x10,OPT,F,opt,3,118,68.27,68.75,0,0,0,0,0,0.000132323947118664,0,0,-0.24905531722975,-0.0146098093932483,0,0,0,0,0,0,0,0
f.rnd,10x10,OPT,F,opt,3,119,69.8,70.09,0,0,0,0,0,0,0.00394304955358956,0,0.124996587754435,0.0145561640327871,0,0,0,0,0,0,0,0
f.rnd,10x10,OPT,F,opt,3,120,73.87,74.51,0,0,0,0,0,0,0,-1.38278034493681,-1.00028733312749,0.0218082115023759,0,0,0,0,0,0,0,0
f.rnd,10x10,OPT,F,opt,3,121,64.59,65.08,0.0210334043476075,0.00524268377159436,0,0,0,0,0,0,0,0,0.000169876084804377,0,0,0,0,0,0,0
f.rnd,10x10,OPT,F,opt,3,122,64.57,65.09,-0.0159616531194296,0,-0.00471824968079122,0,0,0,0,0,0,0,-0.000735916632350411,0,0,0,0,0,0,0
f.rnd,10x10,OPT,F,opt,3,123,64.53,65.09,0,-0.0160980779218981,0.0212399242506229,0,0,0,0,0,0,0,0.000111636268918557,0,0,0,0,0,0,0
f.rnd,10x10,OPT,F,opt,3,124,70.01,70.49,-0.0163426165273026,0,0,0.333619911424049,0,0,0,0,0,0,-0.00730424200503692,0,0,0,0,0,0,0
f.rnd,10x10,OPT,F,opt,3,125,69.07,69.68,0,-0.0111172177633858,0,-0.328464515970845,0,0,0,0,0,0,0.0238360947907409,0,0,0,0,0,0,0
f.rnd,10x10,OPT,F,opt,3,126,70.18,70.91,0,0,-0.0144949837211725,0.341134144054902,0,0,0,0,0,0,-0.00246564653817855,0,0,0,0,0,0,0
f.rnd,10x10,OPT,F,opt,3,127,69.62,69.92,-0.0115496590686736,0,0,0,0.00544501371240759,0,0,0,0,0,-0.0113596118767602,0,0,0,0,0,0,0
f.rnd,10x10,OPT,F,opt,3,128,68.99,69.29,0,0.00569405961528398,0,0,0.00556054964049214,0,0,0,0,0,-0.0222376461752703,0,0,0,0,0,0,0
f.rnd,10x10,OPT,F,opt,3,129,70.01,70.26,0,0,0.0150871919906699,0,-0.00594768647112918,0,0,0,0,0,0.00217065938077598,0,0,0,0,0,0,0
f.rnd,10x10,OPT,F,opt,3,130,70.17,70.79,0,0,0,0.219380365779055,0.00335752018477514,0,0,0,0,0,-0.0198625546060115,0,0,0,0,0,0,0
f.rnd,10x10,OPT,F,opt,3,131,65.2,65.49,0.0180231228774214,0,0,0,0,-0.00145813086101654,0,0,0,0,0.00584739448472425,0,0,0,0,0,0,0
f.rnd,10x10,OPT,F,opt,3,132,63.77,64.07,0,0.0124815412038917,0,0,0,0.00111490225340609,0,0,0,0,-0.0240568788660824,0,0,0,0,0,0,0
f.rnd,10x10,OPT,F,opt,3,133,64.06,64.07,0,0,-0.0133300610438389,0,0,0.000859159378273,0,0,0,0,-0.00288740927685395,0,0,0,0,0,0,0
f.rnd,10x10,OPT,F,opt,3,134,69.21,70.01,0,0,0,-0.339924860697216,0,0,0,0,0,0,0.0190190012761987,0,0,0,0,0,0,0
f.rnd,10x10,OPT,F,opt,3,135,69.19,69.48,0,0,0,0,-0.0060024239221357,0.000478255825757314,0,0,0,0,0.0193509480205469,0,0,0,0,0,0,0
f.rnd,10x10,OPT,F,opt,3,136,69.75,70.14,-0.0158348011665804,0,0,0,0,0,-0.00548765236634188,0,0,0,-0.00605135524270014,0,0,0,0,0,0,0
f.rnd,10x10,OPT,F,opt,3,137,69,69.29,0,0.0109617145934844,0,0,0,0,-0.00558881822960282,0,0,0,-0.0220003500092986,0,0,0,0,0,0,0
f.rnd,10x10,OPT,F,opt,3,138,69.66,69.67,0,0,-0.0123046515799682,0,0,0,-0.00567768599079625,0,0,0,-0.00284405895206523,0,0,0,0,0,0,0
f.rnd,10x10,OPT,F,opt,3,139,69.99,70.54,0,0,0,0.251910710828058,0,0,-0.00265120853454349,0,0,0,-0.0185647418906532,0,0,0,0,0,0,0
f.rnd,10x10,OPT,F,opt,3,140,69.15,69.31,0,0,0,0,-0.0101742567195875,0,-0.00456966084571897,0,0,0,0.0217107915592932,0,0,0,0,0,0,0
f.rnd,10x10,OPT,F,opt,3,141,68.87,69.13,0,0,0,0,0,-0.000581558451360899,-0.00574713326864076,0,0,0,-0.0166240434344304,0,0,0,0,0,0,0
f.rnd,10x10,OPT,F,opt,3,142,70.04,70.5,0.0160871819742293,0,0,0,0,0,0,-0.331033074708168,0,0,0.00753530644667318,0,0,0,0,0,0,0
f.rnd,10x10,OPT,F,opt,3,143,69.08,69.69,0,0.0106950617447556,0,0,0,0,0,0.332830084043324,0,0,-0.0237875691923508,0,0,0,0,0,0,0
f.rnd,10x10,OPT,F,opt,3,144,70.17,70.91,0,0,-0.0143148197446114,0,0,0,0,0.341845961477957,0,0,-0.00256197017421512,0,0,0,0,0,0,0
f.rnd,10x10,OPT,F,opt,3,145,69.2,70.01,0,0,0,-0.168666843116017,0,0,0,-0.168666843116017,0,0,0.0191756397441054,0,0,0,0,0,0,0
f.rnd,10x10,OPT,F,opt,3,146,70.18,70.79,0,0,0,0,0.0033423306906302,0,0,0.218094416092183,0,0,-0.019984094325537,0,0,0,0,0,0,0
f.rnd,10x10,OPT,F,opt,3,147,69.14,70,0,0,0,0,0,0,0,0.340791658622547,0,0,-0.0191276742181142,0,0,0,0,0,0,0
f.rnd,10x10,OPT,F,opt,3,148,70.01,70.56,0,0,0,0,0,0,0.00265731760288758,-0.247175669308863,0,0,0.0184750728750498,0,0,0,0,0,0,0
f.rnd,10x10,OPT,F,opt,3,149,68.35,68.6,-0.0175623156416784,0,0,0,0,0,0,0,-0.252460605834415,0,-0.00441899709178352,0,0,0,0,0,0,0
f.rnd,10x10,OPT,F,opt,3,150,67.07,67.71,0,-0.0129085580080313,0,0,0,0,0,0,0.251942636823614,0,0.0229323082802936,0,0,0,0,0,0,0
f.rnd,10x10,OPT,F,opt,3,151,68.23,68.68,0,0,-0.0127338979025234,0,0,0,0,0,-0.242433642039541,0,-0.00227505225050443,0,0,0,0,0,0,0
f.rnd,10x10,OPT,F,opt,3,152,72.62,73.39,0,0,0,-1.32995861016858,0,0,0,0,-0.951363011600624,0,0.0250129665392946,0,0,0,0,0,0,0
f.rnd,10x10,OPT,F,opt,3,153,69.22,69.76,0,0,0,0,-0.00453572604174404,0,0,0,0.109571210158074,0,0.0189642794643865,0,0,0,0,0,0,0
f.rnd,10x10,OPT,F,opt,3,154,67.45,68.08,0,0,0,0,0,0,0,0,-0.256097326867817,0,-0.0170336387700311,0,0,0,0,0,0,0
f.rnd,10x10,OPT,F,opt,3,155,68.85,69.44,0,0,0,0,0,0,-0.00404249996899722,0,-0.122121629431565,0,-0.0170089455091686,0,0,0,0,0,0,0
f.rnd,10x10,OPT,F,opt,3,156,72.64,73.41,0,0,0,0,0,0,0,-1.31113807688293,-0.938299276759806,0,0.0247922978938358,0,0,0,0,0,0,0
f.rnd,10x10,OPT,F,opt,3,157,64.58,65.08,0.0158738766926395,0,0,0,0,0,0,0,0,0.00522725002508802,0.000302717699295045,0,0,0,0,0,0,0
f.rnd,10x10,OPT,F,opt,3,158,64.52,65,0,-0.0155625480325991,0,0,0,0,0,0,0,0.0208791614605622,0.000421471627773168,0,0,0,0,0,0,0
f.rnd,10x10,OPT,F,opt,3,159,63.73,63.65,0,0,-0.00682420585124505,0,0,0,0,0,0,-0.00639146065968837,-0.00208703159053886,0,0,0,0,0,0,0
f.rnd,10x10,OPT,F,opt,3,160,70.18,70.91,0,0,0,0.339849936548318,0,0,0,0,0,-0.0147287751226496,-0.00200373697372093,0,0,0,0,0,0,0
f.rnd,10x10,OPT,F,opt,3,161,69.96,70.2,0,0,0,0,-0.0059306338580082,0,0,0,0,0.0152524872928795,0.00226364645054774,0,0,0,0,0,0,0
f.rnd,10x10,OPT,F,opt,3,162,64.05,64.08,0,0,0,0,0,-0.000856932773181935,0,0,0,0.0138714563540162,0.00206878547092808,0,0,0,0,0,0,0
f.rnd,10x10,OPT,F,opt,3,163,69.63,69.65,0,0,0,0,0,0,0.0055918045222045,0,0,0.012402021482523,0.00268175421906049,0,0,0,0,0,0,0
f.rnd,10x10,OPT,F,opt,3,164,70.17,70.91,0,0,0,0,0,0,0,0.34291814265122,0,-0.014248333785567,-0.00279478473550716,0,0,0,0,0,0,0
f.rnd,10x10,OPT,F,opt,3,165,68.19,68.68,0,0,0,0,0,0,0,0,0.245678810339637,0.0126498350551548,0.00227641177249353,0,0,0,0,0,0,0
f.rnd,10x10,OPT,F,opt,3,166,67.18,67.28,0.0208627924126833,0.00808278467425469,0,0,0,0,0,0,0,0,0,0,0.00904144909984659,0,0,0,0,0
f.rnd,10x10,OPT,F,opt,3,167,67.16,67.25,-0.0127147243062491,0,-0.00817490792443556,0,0,0,0,0,0,0,0,0,-0.00920399465156514,0,0,0,0,0
f.rnd,10x10,OPT,F,opt,3,168,67.2,67.26,0,0.0126381937545834,-0.020812453301044,0,0,0,0,0,0,0,0,0,-0.00889441655758537,0,0,0,0,0
f.rnd,10x10,OPT,F,opt,3,169,69.55,69.85,-0.0215352554867138,0,0,0.291116839680599,0,0,0,0,0,0,0,0,-0.00216318626742228,0,0,0,0,0
f.rnd,10x10,OPT,F,opt,3,170,64.83,65.93,0,0.0049875730683834,0,-0.27614902122679,0,0,0,0,0,0,0,0,0.0034496923906358,0,0,0,0,0
f.rnd,10x10,OPT,F,opt,3,171,69.92,70.66,0,0,-0.0166345130899884,0.291986535472716,0,0,0,0,0,0,0,0,-0.00362621723122175,0,0,0,0,0
f.rnd,10x10,OPT,F,opt,3,172,68.97,69.14,-0.0198116065121468,0,0,0,0.00367584032844231,0,0,0,0,0,0,0,-0.0050075690881388,0,0,0,0,0
f.rnd,10x10,OPT,F,opt,3,173,61.98,62.26,0,0.00927177631822072,0,0,-0.00454750450372232,0,0,0,0,0,0,0,0.00539047888631302,0,0,0,0,0
f.rnd,10x10,OPT,F,opt,3,174,69.8,70.17,0,0,0.017148207970723,0,-0.00467395050626463,0,0,0,0,0,0,0,0.0055576879160649,0,0,0,0,0
f.rnd,10x10,OPT,F,opt,3,175,62.5,63.19,0,0,0,0.203763712177876,0.00234113064796013,0,0,0,0,0,0,0,-0.00249826253784609,0,0,0,0,0
f.rnd,10x10,OPT,F,opt,3,176,66.98,67.09,0.0219134999331499,0,0,0,0,-0.00131311985653031,0,0,0,0,0,0,0.00822733155637142,0,0,0,0,0
f.rnd,10x10,OPT,F,opt,3,177,56.36,56.51,0,-0.0061570826880161,0,0,0,-0.000653308247148672,0,0,0,0,0,0,-0.00968456795444489,0,0,0,0,0
f.rnd,10x10,OPT,F,opt,3,178,66.75,66.93,0,0,0.016682307822412,0,0,-0.000874986975140003,0,0,0,0,0,0,0.010015150367304,0,0,0,0,0
f.rnd,10x10,OPT,F,opt,3,179,62.42,63.58,0,0,0,-0.286709524068742,0,0.00130668870875105,0,0,0,0,0,0,0.00295884048225659,0,0,0,0,0
f.rnd,10x10,OPT,F,opt,3,180,60.61,61.26,0,0,0,0,0.00442793815140064,-0.0016649187013989,0,0,0,0,0,0,-0.00496505620673917,0,0,0,0,0
f.rnd,10x10,OPT,F,opt,3,181,69.67,69.91,0.0200670687173536,0,0,0,0,0,0.0044225758251377,0,0,0,0,0,0.00464885423750526,0,0,0,0,0
f.rnd,10x10,OPT,F,opt,3,182,61.89,62.23,0,0.00451236670464634,0,0,0,0,0.00457705910019327,0,0,0,0,0,0.00540290913132241,0,0,0,0,0
f.rnd,10x10,OPT,F,opt,3,183,69.58,69.75,0,0,-0.0152854458389224,0,0,0,-0.00424622774629199,0,0,0,0,0,-0.0062216111273485,0,0,0,0,0
f.rnd,10x10,OPT,F,opt,3,184,62.93,63.58,0,0,0,-0.170052778504916,0,0,0.00309177569397907,0,0,0,0,0,0.00260979700203572,0,0,0,0,0
f.rnd,10x10,OPT,F,opt,3,185,61.98,62.26,0,0,0,0,0.00464583047501888,0,0.00920604210407902,0,0,0,0,0,0.00533150906909556,0,0,0,0,0
f.rnd,10x10,OPT,F,opt,3,186,61.38,62.14,0,0,0,0,0,-0.00175329206668209,-0.00498512944261086,0,0,0,0,0,-0.00474644864041569,0,0,0,0,0
f.rnd,10x10,OPT,F,opt,3,187,69.53,69.87,0.0214006146405885,0,0,0,0,0,0,-0.291434173885202,0,0,0,0,0.00218930124834201,0,0,0,0,0
f.rnd,10x10,OPT,F,opt,3,188,64.86,65.93,0,0.00527259814245764,0,0,0,0,0,-0.276297313283625,0,0,0,0,0.0033955131004325,0,0,0,0,0
f.rnd,10x10,OPT,F,opt,3,189,69.91,70.64,0,0,-0.0165230357005092,0,0,0,0,0.288446835345152,0,0,0,0,-0.00360682224322499,0,0,0,0,0
f.rnd,10x10,OPT,F,opt,3,190,62.49,63.47,0,0,0,-0.139929354553987,0,0,0,-0.139929354553987,0,0,0,0,0.00287993386608787,0,0,0,0,0
f.rnd,10x10,OPT,F,opt,3,191,62.54,63.2,0,0,0,0,0.00241887550286449,0,0,0.198577469251078,0,0,0,0,-0.00224089899840675,0,0,0,0,0
f.rnd,10x10,OPT,F,opt,3,192,62.43,63.58,0,0,0,0,0,-0.00131048625972714,0,0.286333868779683,0,0,0,0,-0.00287924319310306,0,0,0,0,0
f.rnd,10x10,OPT,F,opt,3,193,62.89,63.65,0,0,0,0,0,0,0.00293672019428245,-0.188171619767039,0,0,0,0,0.00229894271432717,0,0,0,0,0
f.rnd,10x10,OPT,F,opt,3,194,68.19,68.42,-0.0205698573619307,0,0,0,0,0,0,0,-0.196978094730276,0,0,0,-0.00412948149312184,0,0,0,0,0
f.rnd,10x10,OPT,F,opt,3,195,61.56,62.62,0,-0.00384230679502321,0,0,0,0,0,0,-0.176207181818508,0,0,0,-0.00544668253705762,0,0,0,0,0
f.rnd,10x10,OPT,F,opt,3,196,68.05,68.36,0,0,0.0155018411418637,0,0,0,0,0,0.164745750693596,0,0,0,0.00640525107712449,0,0,0,0,0
f.rnd,10x10,OPT,F,opt,3,197,65.07,65.78,0,0,0,-0.809782694850505,0,0,0,0,-0.514542591640253,0,0,0,0.00320991236432128,0,0,0,0,0
f.rnd,10x10,OPT,F,opt,3,198,60.56,61.32,0,0,0,0,-0.00355817800855603,0,0,0,0.0553124535241916,0,0,0,0.00433419870148509,0,0,0,0,0
f.rnd,10x10,OPT,F,opt,3,199,61.1,62.23,0,0,0,0,0,0.00117578182157834,0,0,0.192097971641119,0,0,0,0.00486927139488645,0,0,0,0,0
f.rnd,10x10,OPT,F,opt,3,200,60.76,61.46,0,0,0,0,0,0,-0.004625536616545,0,-0.000290019667603136,0,0,0,-0.00491354226703858,0,0,0,0,0
f.rnd,10x10,OPT,F,opt,3,201,65.08,65.78,0,0,0,0,0,0,0,-0.814401061553423,-0.515959320288079,0,0,0,0.00316556416551061,0,0,0,0,0
f.rnd,10x10,OPT,F,opt,3,202,67.16,67.28,0.0130373234159611,0,0,0,0,0,0,0,0,0.00800277796932988,0,0,0.00904682151089866,0,0,0,0,0
f.rnd,10x10,OPT,F,opt,3,203,67.09,67.17,0,0.0120794494378061,0,0,0,0,0,0,0,-0.0205777545313643,0,0,-0.00906727301578272,0,0,0,0,0
f.rnd,10x10,OPT,F,opt,3,204,66.56,66.57,0,0,0.0144930977818723,0,0,0,0,0,0,0.00146373986613693,0,0,0.010191835701431,0,0,0,0,0
f.rnd,10x10,OPT,F,opt,3,205,69.93,70.65,0,0,0,0.289875622143417,0,0,0,0,0,-0.0164877505102077,0,0,-0.00351601811109861,0,0,0,0,0
f.rnd,10x10,OPT,F,opt,3,206,69.8,70.14,0,0,0,0,0.00469555127695823,0,0,0,0,-0.0171455166341916,0,0,-0.00539206644936189,0,0,0,0,0
f.rnd,10x10,OPT,F,opt,3,207,66.69,66.91,0,0,0,0,0,0.000809216847086897,0,0,0,-0.0164715785828318,0,0,-0.0099939588356609,0,0,0,0,0
f.rnd,10x10,OPT,F,opt,3,208,69.56,69.75,0,0,0,0,0,0,-0.00427818967329869,0,0,-0.0153625857021989,0,0,-0.00622006088146302,0,0,0,0,0
f.rnd,10x10,OPT,F,opt,3,209,69.84,70.57,0,0,0,0,0,0,0,0.263259917138733,0,-0.0164144966617641,0,0,-0.00419415734534598,0,0,0,0,0
f.rnd,10x10,OPT,F,opt,3,210,68.06,68.37,0,0,0,0,0,0,0,0,0.165254881479311,0.0155018575852681,0,0,0.00637595935034516,0,0,0,0,0
f.rnd,10x10,OPT,F,opt,3,211,67.18,67.32,-0.0140127466503736,0,0,0,0,0,0,0,0,0,-0.00861746717583239,0,-0.00896540406711031,0,0,0,0,0
f.rnd,10x10,OPT,F,opt,3,212,66.27,66.39,0,0.00880478480694282,0,0,0,0,0,0,0,0,-0.0224780212078929,0,-0.00918613922822688,0,0,0,0,0
f.rnd,10x10,OPT,F,opt,3,213,66.62,66.59,0,0,-0.0137216057525155,0,0,0,0,0,0,0,-0.00271762894645049,0,-0.0100508042907079,0,0,0,0,0
f.rnd,10x10,OPT,F,opt,3,214,69.1,69.89,0,0,0,-0.284510086889636,0,0,0,0,0,0,0.019162800389874,0,0.00351381508210076,0,0,0,0,0
f.rnd,10x10,OPT,F,opt,3,215,69.15,69.38,0,0,0,0,-0.00457950609281375,0,0,0,0,0,0.0198201155892617,0,0.005445627729854,0,0,0,0,0
f.rnd,10x10,OPT,F,opt,3,216,66.1,66.17,0,0,0,0,0,-0.000733641051400962,0,0,0,0,0.0193908992632877,0,0.0100433865703784,0,0,0,0,0
f.rnd,10x10,OPT,F,opt,3,217,68.78,69.17,0,0,0,0,0,0,0.0043960495841423,0,0,0,0.0180775806865907,0,0.00600486437735218,0,0,0,0,0
f.rnd,10x10,OPT,F,opt,3,218,69.11,69.89,0,0,0,0,0,0,0,0.286772366157732,0,0,-0.0195617789954572,0,-0.00356321077282088,0,0,0,0,0
f.rnd,10x10,OPT,F,opt,3,219,67.36,67.76,0,0,0,0,0,0,0,0,-0.172420557444504,0,-0.0180824301144054,0,-0.0060503753441437,0,0,0,0,0
f.rnd,10x10,OPT,F,opt,3,220,66.57,66.56,0,0,0,0,0,0,0,0,0,-0.0134724951095231,-0.00313901125606917,0,-0.0101137762880185,0,0,0,0,0
f.rnd,10x10,OPT,F,opt,3,221,68.76,69.54,-0.0210027824025106,-0.00808408074901494,0,0,0,0,0,0,0,0,0,0,0,0.00543634497110745,0,0,0,0
f.rnd,10x10,OPT,F,opt,3,222,68.77,69.53,0.0131185997218836,0,0.00815258606239495,0,0,0,0,0,0,0,0,0,0,-0.00535111834327938,0,0,0,0
f.rnd,10x10,OPT,F,opt,3,223,68.77,69.52,0,0.0130767406802608,-0.0212029298681,0,0,0,0,0,0,0,0,0,0,0.00535206211961579,0,0,0,0
f.rnd,10x10,OPT,F,opt,3,224,69.78,70.05,-0.0218265145436444,0,0,0.392064425828197,0,0,0,0,0,0,0,0,0,-0.00190749784207786,0,0,0,0
f.rnd,10x10,OPT,F,opt,3,225,64.69,65.82,0,0.00369714015575569,0,-0.400668330649264,0,0,0,0,0,0,0,0,0,0.00168326699549518,0,0,0,0
f.rnd,10x10,OPT,F,opt,3,226,70.21,70.88,0,0,-0.0162586310916224,0.30742127496651,0,0,0,0,0,0,0,0,0,0.000157723029514163,0,0,0,0
f.rnd,10x10,OPT,F,opt,3,227,69,69.6,0.0201279385434758,0,0,0,-0.00299403053708575,0,0,0,0,0,0,0,0,-0.00318985921673487,0,0,0,0
f.rnd,10x10,OPT,F,opt,3,228,63.54,64.36,0,0.00835228275972023,0,0,-0.00402981933396978,0,0,0,0,0,0,0,0,-0.00284223360141871,0,0,0,0
f.rnd,10x10,OPT,F,opt,3,229,70.33,70.73,0,0,-0.0167968721501531,0,0.00419705804075971,0,0,0,0,0,0,0,0,0.00289680683621446,0,0,0,0
f.rnd,10x10,OPT,F,opt,3,230,62.7,63.52,0,0,0,0.36707310257081,0.00292947188066185,0,0,0,0,0,0,0,0,-0.0031899872500037,0,0,0,0
f.rnd,10x10,OPT,F,opt,3,231,68.3,68.85,0.0208216219767681,0,0,0,0,-0.000293013593507253,0,0,0,0,0,0,0,-0.0051817651216079,0,0,0,0
f.rnd,10x10,OPT,F,opt,3,232,62.58,63.81,0,0.00547798813129481,0,0,0,0.00160454248522329,0,0,0,0,0,0,0,-0.00580013512110148,0,0,0,0
f.rnd,10x10,OPT,F,opt,3,233,68.62,69.34,0,0,0.0160073714874585,0,0,0.000114399445968071,0,0,0,0,0,0,0,-0.00572952313118765,0,0,0,0
f.rnd,10x10,OPT,F,opt,3,234,63.13,64.6,0,0,0,-0.38355752399053,0,0.00128108766160213,0,0,0,0,0,0,0,0.00126161559346717,0,0,0,0
f.rnd,10x10,OPT,F,opt,3,235,62.37,63.44,0,0,0,0,0.00374060403326942,-0.00202723939433346,0,0,0,0,0,0,0,0.00310761404982498,0,0,0,0
f.rnd,10x10,OPT,F,opt,3,236,69.79,70.26,-0.0200901307283179,0,0,0,0,0,-0.00374762417232055,0,0,0,0,0,0,0.00277046970004082,0,0,0,0
f.rnd,10x10,OPT,F,opt,3,237,63.46,64.29,0,0.0039447670660392,0,0,0,0,0.00408941488888374,0,0,0,0,0,0,-0.00274695302434759,0,0,0,0
f.rnd,10x10,OPT,F,opt,3,238,70.02,70.41,0,0,0.0153414498624872,0,0,0,0.0035728367303128,0,0,0,0,0,0,-0.00348817214652748,0,0,0,0
f.rnd,10x10,OPT,F,opt,3,239,64.06,65.05,0,0,0,-0.350143412915274,0,0,0.00355443108382621,0,0,0,0,0,0,0.00321746090062905,0,0,0,0
f.rnd,10x10,OPT,F,opt,3,240,63.54,64.31,0,0,0,0,0.00410855172911512,0,0.00818472025378259,0,0,0,0,0,0,-0.00280295096513849,0,0,0,0
f.rnd,10x10,OPT,F,opt,3,241,63.18,64.38,0,0,0,0,0,-0.00208407413037515,-0.0043383833001176,0,0,0,0,0,0,0.0027997393101339,0,0,0,0
f.rnd,10x10,OPT,F,opt,3,242,69.75,70.08,-0.021498234620374,0,0,0,0,0,0,0.388243584678812,0,0,0,0,0,-0.00174071026576637,0,0,0,0
f.rnd,10x10,OPT,F,opt,3,243,64.74,65.9,0,-0.0043317069970086,0,0,0,0,0,0.291393431937917,0,0,0,0,0,0.000183118854296627,0,0,0,0
f.rnd,10x10,OPT,F,opt,3,244,70.19,70.89,0,0,-0.0162746820641322,0,0,0,0,0.307410338910289,0,0,0,0,0,0.000211519927065673,0,0,0,0
f.rnd,10x10,OPT,F,opt,3,245,64.62,65.78,0,0,0,0.198995077268544,0,0,0,0.198995077268544,0,0,0,0,0,-0.00170770382389855,0,0,0,0
f.rnd,10x10,OPT,F,opt,3,246,62.65,63.41,0,0,0,0,-0.00302498528680793,0,0,-0.34421543599104,0,0,0,0,0,0.00287555999031863,0,0,0,0
f.rnd,10x10,OPT,F,opt,3,247,63.09,64.59,0,0,0,0,0,-0.00129424901895517,0,0.388383607839998,0,0,0,0,0,-0.00135171277830784,0,0,0,0
f.rnd,10x10,OPT,F,opt,3,248,64.08,65.06,0,0,0,0,0,0,-0.00347753143512635,0.351130986538567,0,0,0,0,0,-0.00322796147518626,0,0,0,0
f.rnd,10x10,OPT,F,opt,3,249,68.27,68.65,-0.0204758979379825,0,0,0,0,0,0,0,-0.168969277991653,0,0,0,0,0.00214925198874573,0,0,0,0
f.rnd,10x10,OPT,F,opt,3,250,64.58,65.8,0,-0.00564757378601457,0,0,0,0,0,0,-0.00571028803417787,0,0,0,0,0.00541897867358457,0,0,0,0
f.rnd,10x10,OPT,F,opt,3,251,68.68,69.38,0,0,0.0159785738644783,0,0,0,0,0,0.000303913591317949,0,0,0,0,-0.00573495391881391,0,0,0,0
f.rnd,10x10,OPT,F,opt,3,252,66.22,67.35,0,0,0,-0.704399014678059,0,0,0,0,-0.326422677816953,0,0,0,0,0.00119418616179549,0,0,0,0
f.rnd,10x10,OPT,F,opt,3,253,62.26,63.12,0,0,0,0,-0.00343614229547504,0,0,0,0.00408611880499716,0,0,0,0,-0.00288981394757615,0,0,0,0
f.rnd,10x10,OPT,F,opt,3,254,62,63.22,0,0,0,0,0,-0.00149148414928401,0,0,-0.139329539251586,0,0,0,0,0.00303036514488472,0,0,0,0
f.rnd,10x10,OPT,F,opt,3,255,62.81,63.79,0,0,0,0,0,0,0.00411423075808661,0,0,0,0,0,0,-0.00269126627267586,0,0,0,0
f.rnd,10x10,OPT,F,opt,3,256,66.29,67.33,0,0,0,0,0,0,0,0.71013284442232,0.327655366336801,0,0,0,0,-0.00129158768491442,0,0,0,0
f.rnd,10x10,OPT,F,opt,3,257,68.74,69.53,-0.0130412523371407,0,0,0,0,0,0,0,0,-0.00811186533190776,0,0,0,0.00538989566776742,0,0,0,0
f.rnd,10x10,OPT,F,opt,3,258,68.76,69.53,0,-0.0125170358173739,0,0,0,0,0,0,0,0.020985812884722,0,0,0,-0.00540848565565956,0,0,0,0
f.rnd,10x10,OPT,F,opt,3,259,68.64,69.36,0,0,0.00812198911681242,0,0,0,0,0,0,0.00808720521906615,0,0,0,-0.00568596359036424,0,0,0,0
f.rnd,10x10,OPT,F,opt,3,260,70.2,70.89,0,0,0,-0.309899636278905,0,0,0,0,0,0.0162927704092709,0,0,0,-0.00017622417063714,0,0,0,0
f.rnd,10x10,OPT,F,opt,3,261,70.35,70.71,0,0,0,0,-0.00415137947322564,0,0,0,0,0.0169025320717248,0,0,0,-0.00293620486321812,0,0,0,0
f.rnd,10x10,OPT,F,opt,3,262,68.58,69.34,0,0,0,0,0,0.000107306522382075,0,0,0,0.0160895494441197,0,0,0,-0.00578229199292081,0,0,0,0
f.rnd,10x10,OPT,F,opt,3,263,69.98,70.39,0,0,0,0,0,0,-0.00357110863857822,0,0,-0.0155161865455424,0,0,0,0.00339405853205656,0,0,0,0
f.rnd,10x10,OPT,F,opt,3,264,70.2,70.89,0,0,0,0,0,0,0,0.307906466302928,0,-0.0161535719045919,0,0,0,0.000168870259850539,0,0,0,0
f.rnd,10x10,OPT,F,opt,3,265,68.61,69.38,0,0,0,0,0,0,0,0,-0.000302958482436645,-0.016081501648148,0,0,0,0.00567899066917919,0,0,0,0
f.rnd,10x10,OPT,F,opt,3,266,68.63,69.37,0.0144567237736169,0,0,0,0,0,0,0,0,0,0.00841452918757786,0,0,-0.00532673828189797,0,0,0,0
f.rnd,10x10,OPT,F,opt,3,267,67.91,68.61,0,-0.0090736691692784,0,0,0,0,0,0,0,0,0.0228003171516608,0,0,-0.00547257438782632,0,0,0,0
f.rnd,10x10,OPT,F,opt,3,268,68.66,69.35,0,0,0.0142618365545904,0,0,0,0,0,0,0,0.00237034958957149,0,0,-0.00573932665938179,0,0,0,0
f.rnd,10x10,OPT,F,opt,3,269,69.12,69.95,0,0,0,-0.35951108911041,0,0,0,0,0,0,0.0188699004017142,0,0,0.000751805132287482,0,0,0,0
f.rnd,10x10,OPT,F,opt,3,270,69.42,69.96,0,0,0,0,-0.00405293241534245,0,0,0,0,0,0.0198137217637991,0,0,-0.00296939779074613,0,0,0,0
f.rnd,10x10,OPT,F,opt,3,271,67.96,68.6,0,0,0,0,0,0.000277828826964333,0,0,0,0,0.0184487200326576,0,0,-0.00567301840110163,0,0,0,0
f.rnd,10x10,OPT,F,opt,3,272,69.21,69.78,0,0,0,0,0,0,-0.00361409337254096,0,0,0,-0.0180717379129838,0,0,0.00332242868012137,0,0,0,0
f.rnd,10x10,OPT,F,opt,3,273,69.12,69.96,0,0,0,0,0,0,0,-0.359405590253249,0,0,0.0188682050433845,0,0,0.000723237138969417,0,0,0,0
f.rnd,10x10,OPT,F,opt,3,274,68.06,68.68,0,0,0,0,0,0,0,0,0.000428737163096006,0,0.018776798381679,0,0,-0.00567923845078259,0,0,0,0
f.rnd,10x10,OPT,F,opt,3,275,68.65,69.33,0,0,0,0,0,0,0,0,0,0.0139041878568771,0.00269269146858724,0,0,-0.00571844627809887,0,0,0,0
f.rnd,10x10,OPT,F,opt,3,276,68.26,68.8,0.0204493575809542,0,0,0,0,0,0,0,0,0,0,0,0.00397739932427852,-0.00391915461615303,0,0,0,0
f.rnd,10x10,OPT,F,opt,3,277,61.76,62.71,0,0.00603302830392637,0,0,0,0,0,0,0,0,0,0,0.00490229006809931,-0.0039368685338404,0,0,0,0
f.rnd,10x10,OPT,F,opt,3,278,68.59,69.15,0,0,-0.0163781446895676,0,0,0,0,0,0,0,0,0,-0.00512685149617229,0.00416933195571107,0,0,0,0
f.rnd,10x10,OPT,F,opt,3,279,62.14,63.29,0,0,0,0.34495056789419,0,0,0,0,0,0,0,0,-0.00366652000218487,-0.0019258911640267,0,0,0,0
f.rnd,10x10,OPT,F,opt,3,280,61.53,62.46,0,0,0,0,-0.00319378040919756,0,0,0,0,0,0,0,0.00382332522822576,-0.0019584486436303,0,0,0,0
f.rnd,10x10,OPT,F,opt,3,281,61.4,62.3,0,0,0,0,0,0.00146820689972016,0,0,0,0,0,0,0.00407131690643098,-0.00434057731588121,0,0,0,0
f.rnd,10x10,OPT,F,opt,3,282,61.92,62.8,0,0,0,0,0,0,-0.00389082982780016,0,0,0,0,0,-0.0039331830763744,0.00157831917407844,0,0,0,0
f.rnd,10x10,OPT,F,opt,3,283,62.15,63.28,0,0,0,0,0,0,0,0.338427984962501,0,0,0,0,-0.00380712300676862,-0.00182126854807449,0,0,0,0
f.rnd,10x10,OPT,F,opt,3,284,62.03,63.12,0,0,0,0,0,0,0,0,0.00487887092276638,0,0,0,0.00467424707516581,-0.00377542742715703,0,0,0,0
f.rnd,10x10,OPT,F,opt,3,285,68.61,69.12,0,0,0,0,0,0,0,0,0,0.016353156067942,0,0,0.00512046741707801,-0.00413657291452356,0,0,0,0
f.rnd,10x10,OPT,F,opt,3,286,67.93,68.52,0,0,0,0,0,0,0,0,0,0,0.0189005704275231,0,0.0051277212408858,-0.0040964102461503,0,0,0,0
f.rnd,10x10,OPT,F,opt,3,287,67.21,67.27,0.0208063645525426,0.00821647149637108,0,0,0,0,0,0,0,0,0,0,0,0,-0.00903702474611537,0,0,0
f.rnd,10x10,OPT,F,opt,3,288,67.2,67.23,0.0126161571795299,0,0.00821123222280057,0,0,0,0,0,0,0,0,0,0,0,-0.00919387236101027,0,0,0
f.rnd,10x10,OPT,F,opt,3,289,67.14,67.24,0,-0.0126279832372627,0.0206807956967369,0,0,0,0,0,0,0,0,0,0,0,-0.00912139095494073,0,0,0
f.rnd,10x10,OPT,F,opt,3,290,69.56,69.86,-0.0214908625268155,0,0,0.292518085575105,0,0,0,0,0,0,0,0,0,0,0.00205385001612166,0,0,0
f.rnd,10x10,OPT,F,opt,3,291,64.86,65.93,0,0.00515342742224945,0,-0.275792900912128,0,0,0,0,0,0,0,0,0,0,-0.00339875512325861,0,0,0
f.rnd,10x10,OPT,F,opt,3,292,69.92,70.68,0,0,0.0166288386012032,-0.295707901368725,0,0,0,0,0,0,0,0,0,0,-0.00342641275307966,0,0,0
f.rnd,10x10,OPT,F,opt,3,293,68.99,69.15,-0.0196093617216886,0,0,0,0.00370280798802857,0,0,0,0,0,0,0,0,0,0.00488314798309424,0,0,0
f.rnd,10x10,OPT,F,opt,3,294,61.98,62.26,0,0.00925936030946338,0,0,-0.00461725224574384,0,0,0,0,0,0,0,0,0,-0.00532145730059291,0,0,0
f.rnd,10x10,OPT,F,opt,3,295,69.84,70.2,0,0,0.0171303443883775,0,-0.00468405968764168,0,0,0,0,0,0,0,0,0,-0.00534742337032613,0,0,0
f.rnd,10x10,OPT,F,opt,3,296,62.18,62.88,0,0,0,0.152549007421458,0.00282702251231202,0,0,0,0,0,0,0,0,0,0.00296706441115013,0,0,0
f.rnd,10x10,OPT,F,opt,3,297,66.98,67.06,0.0216511950117255,0,0,0,0,-0.0012776188633377,0,0,0,0,0,0,0,0,-0.00826127593258246,0,0,0
f.rnd,10x10,OPT,F,opt,3,298,56.3,56.41,0,0.00563492477529918,0,0,0,0.000677568731485271,0,0,0,0,0,0,0,0,-0.00971273084056688,0,0,0
f.rnd,10x10,OPT,F,opt,3,299,66.79,66.91,0,0,0.0165517416350161,0,0,-0.000882650650292101,0,0,0,0,0,0,0,0,-0.00999647418166102,0,0,0
f.rnd,10x10,OPT,F,opt,3,300,62.42,63.58,0,0,0,0.288976588940476,0,-0.0013645815543372,0,0,0,0,0,0,0,0,0.00279906198311752,0,0,0
f.rnd,10x10,OPT,F,opt,3,301,60.58,61.26,0,0,0,0,0.00436121583439653,-0.00161168609459214,0,0,0,0,0,0,0,0,0.00499841763822057,0,0,0
f.rnd,10x10,OPT,F,opt,3,302,69.63,69.9,0.020036340202491,0,0,0,0,0,0.0043950029264886,0,0,0,0,0,0,0,-0.00470052917057228,0,0,0
f.rnd,10x10,OPT,F,opt,3,303,61.94,62.21,0,-0.00461191258820361,0,0,0,0,-0.00446787636801268,0,0,0,0,0,0,0,0.00542123529952671,0,0,0
f.rnd,10x10,OPT,F,opt,3,304,69.6,69.79,0,0,-0.0154658973423154,0,0,0,-0.00427525007019698,0,0,0,0,0,0,0,0.00615417898598934,0,0,0
f.rnd,10x10,OPT,F,opt,3,305,62.87,63.64,0,0,0,-0.192826368441073,0,0,0.00288547844672394,0,0,0,0,0,0,0,-0.00239614922836686,0,0,0
f.rnd,10x10,OPT,F,opt,3,306,61.97,62.25,0,0,0,0,-0.00469948899390312,0,-0.00922060312215457,0,0,0,0,0,0,0,0.00541302296356573,0,0,0
f.rnd,10x10,OPT,F,opt,3,307,61.27,62.1,0,0,0,0,0,-0.00172154862176004,-0.00501196980366701,0,0,0,0,0,0,0,0.00482102638846742,0,0,0
f.rnd,10x10,OPT,F,opt,3,308,69.55,69.87,-0.0214043750025205,0,0,0,0,0,0,0.291146091836379,0,0,0,0,0,0,0.00211488526365583,0,0,0
f.rnd,10x10,OPT,F,opt,3,309,64.86,65.93,0,-0.00526778219140142,0,0,0,0,0,0.276313266798293,0,0,0,0,0,0,0.00333908330877762,0,0,0
f.rnd,10x10,OPT,F,opt,3,310,69.92,70.65,0,0,0.0166371235809027,0,0,0,0,-0.292160151844923,0,0,0,0,0,0,-0.00364383221349147,0,0,0
f.rnd,10x10,OPT,F,opt,3,311,62.5,63.47,0,0,0,-0.137966547890157,0,0,0,-0.137966547890157,0,0,0,0,0,0,-0.00302271785654354,0,0,0
f.rnd,10x10,OPT,F,opt,3,312,62.51,63.22,0,0,0,0,-0.00230832147427469,0,0,-0.20638475398439,0,0,0,0,0,0,-0.0023340194607728,0,0,0
f.rnd,10x10,OPT,F,opt,3,313,62.41,63.57,0,0,0,0,0,0.00131470283100857,0,-0.284840444969516,0,0,0,0,0,0,-0.00295716579817336,0,0,0
f.rnd,10x10,OPT,F,opt,3,314,62.88,63.64,0,0,0,0,0,0,0.00288641371408985,-0.191065567890712,0,0,0,0,0,0,-0.00234043795363262,0,0,0
f.rnd,10x10,OPT,F,opt,3,315,68.2,68.42,-0.0205560067016578,0,0,0,0,0,0,0,-0.196191968642598,0,0,0,0,0,0.0041219705997126,0,0,0
f.rnd,10x10,OPT,F,opt,3,316,61.72,62.72,0,-0.00362101605824149,0,0,0,0,0,0,-0.18819876278217,0,0,0,0,0,0.00524333033333395,0,0,0
f.rnd,10x10,OPT,F,opt,3,317,68.04,68.37,0,0,0.0152677095444228,0,0,0,0,0,0.164242068299255,0,0,0,0,0,-0.00644599236647741,0,0,0
f.rnd,10x10,OPT,F,opt,3,318,64.2,64.9,0,0,0,-0.643597088385348,0,0,0,0,-0.359871585810815,0,0,0,0,0,-0.00303302028401421,0,0,0
f.rnd,10x10,OPT,F,opt,3,319,60.55,61.3,0,0,0,0,0.00353657295953032,0,0,0,-0.0548307356182771,0,0,0,0,0,0.00442075663988775,0,0,0
f.rnd,10x10,OPT,F,opt,3,320,61.13,62.23,0,0,0,0,0,-0.00116845261230139,0,0,-0.193245507365894,0,0,0,0,0,0.00495808904082688,0,0,0
f.rnd,10x10,OPT,F,opt,3,321,60.76,61.46,0,0,0,0,0,0,0.00458391217819002,0,0.000292842650987953,0,0,0,0,0,-0.00499426119172029,0,0,0
f.rnd,10x10,OPT,F,opt,3,322,65.1,65.78,0,0,0,0,0,0,0,-0.810390717790364,-0.517037660046921,0,0,0,0,0,-0.00333580046763364,0,0,0
f.rnd,10x10,OPT,F,opt,3,323,67.2,67.27,0.0130255000464054,0,0,0,0,0,0,0,0,0.00792013612487866,0,0,0,0,-0.00886046827417214,0,0,0
f.rnd,10x10,OPT,F,opt,3,324,67.08,67.21,0,0.012290523803686,0,0,0,0,0,0,0,-0.0206199239294,0,0,0,0,0.00891775881552698,0,0,0
f.rnd,10x10,OPT,F,opt,3,325,66.56,66.58,0,0,0.0146349840945923,0,0,0,0,0,0,0.00127750767491956,0,0,0,0,-0.0101447820916399,0,0,0
f.rnd,10x10,OPT,F,opt,3,326,69.9,70.65,0,0,0,0.293163378079043,0,0,0,0,0,-0.016673419972383,0,0,0,0,0.00366439432148109,0,0,0
f.rnd,10x10,OPT,F,opt,3,327,69.71,70.11,0,0,0,0,-0.00471303221734037,0,0,0,0,0.0170955111211197,0,0,0,0,-0.00563678509928876,0,0,0
f.rnd,10x10,OPT,F,opt,3,328,66.75,66.86,0,0,0,0,0,-0.000881581383381744,0,0,0,0.0166622868047672,0,0,0,0,-0.0102429101873474,0,0,0
f.rnd,10x10,OPT,F,opt,3,329,69.59,69.77,0,0,0,0,0,0,-0.00431921150742604,0,0,-0.0153361288882665,0,0,0,0,0.00615629161077493,0,0,0
f.rnd,10x10,OPT,F,opt,3,330,69.91,70.67,0,0,0,0,0,0,0,-0.295903970883345,0,0.0165975809419132,0,0,0,0,-0.00348183433910018,0,0,0
f.rnd,10x10,OPT,F,opt,3,331,68.05,68.41,0,0,0,0,0,0,0,0,0.166709981255321,0.015420768991785,0,0,0,0,-0.00623773200816563,0,0,0
f.rnd,10x10,OPT,F,opt,3,332,67.19,67.32,-0.0139971362926473,0,0,0,0,0,0,0,0,0,-0.00850129661039105,0,0,0,0.00890957151383982,0,0,0
f.rnd,10x10,OPT,F,opt,3,333,66.22,66.4,0,-0.00926179715616873,0,0,0,0,0,0,0,0,0.0227146069604339,0,0,0,-0.00919389126163927,0,0,0
f.rnd,10x10,OPT,F,opt,3,334,66.63,66.6,0,0,0.0134657814957538,0,0,0,0,0,0,0,0.00312666939363393,0,0,0,-0.00997846519839987,0,0,0
f.rnd,10x10,OPT,F,opt,3,335,69.11,69.88,0,0,0,0.282501905322707,0,0,0,0,0,0,-0.0190877485362531,0,0,0,0.00359788742610181,0,0,0
f.rnd,10x10,OPT,F,opt,3,336,69.14,69.36,0,0,0,0,-0.00453897407010855,0,0,0,0,0,0.0198500170347259,0,0,0,-0.00549637089329013,0,0,0
f.rnd,10x10,OPT,F,opt,3,337,66.1,66.16,0,0,0,0,0,-0.000704545876221088,0,0,0,0,0.0192545980320128,0,0,0,-0.00986422665487216,0,0,0
f.rnd,10x10,OPT,F,opt,3,338,68.75,69.15,0,0,0,0,0,0,0.00432505418138662,0,0,0,0.0180213077050962,0,0,0,-0.00604905778186723,0,0,0
f.rnd,10x10,OPT,F,opt,3,339,69.11,69.9,0,0,0,0,0,0,0,0.288202811740925,0,0,-0.0194031782135017,0,0,0,0.00338738232627726,0,0,0
f.rnd,10x10,OPT,F,opt,3,340,67.37,67.78,0,0,0,0,0,0,0,0,-0.171815125176825,0,-0.018073946443698,0,0,0,0.00590546701863153,0,0,0
f.rnd,10x10,OPT,F,opt,3,341,66.58,66.57,0,0,0,0,0,0,0,0,0,-0.0136076851001941,-0.0028597282489529,0,0,0,0.0100615513800725,0,0,0
f.rnd,10x10,OPT,F,opt,3,342,66.58,66.72,-0.0202087036580247,0,0,0,0,0,0,0,0,0,0,0,-0.00420160921573668,0,0.00420160921573668,0,0,0
f.rnd,10x10,OPT,F,opt,3,343,56.86,56.61,0,0.00593090815395545,0,0,0,0,0,0,0,0,0,0,0.00492567421629549,0,-0.00492567421629549,0,0,0
f.rnd,10x10,OPT,F,opt,3,344,66.56,66.57,0,0,-0.0158816620075705,0,0,0,0,0,0,0,0,0,-0.00497519252967796,0,0.00497519252967796,0,0,0
f.rnd,10x10,OPT,F,opt,3,345,62.51,63.45,0,0,0,-0.261025002967611,0,0,0,0,0,0,0,0,0.00166868407081496,0,-0.00166868407081496,0,0,0
f.rnd,10x10,OPT,F,opt,3,346,60.52,61.05,0,0,0,0,-0.00402101709995193,0,0,0,0,0,0,0,0.00262467774118235,0,-0.00262467774118235,0,0,0
f.rnd,10x10,OPT,F,opt,3,347,56.1,56.28,0,0,0,0,0,0.000662456441088667,0,0,0,0,0,0,0.00457178250960658,0,-0.00457178250960658,0,0,0
f.rnd,10x10,OPT,F,opt,3,348,60.76,61.45,0,0,0,0,0,0,-0.00469694898151329,0,0,0,0,0,-0.00242859520902799,0,0.00242859520902799,0,0,0
f.rnd,10x10,OPT,F,opt,3,349,62.51,63.45,0,0,0,0,0,0,0,-0.262000149266784,0,0,0,0,0.00162924834069183,0,-0.00162924834069183,0,0,0
f.rnd,10x10,OPT,F,opt,3,350,61.67,62.49,0,0,0,0,0,0,0,0,-0.187641233181063,0,0,0,-0.00243941420474031,0,0.00243941420474031,0,0,0
f.rnd,10x10,OPT,F,opt,3,351,66.54,66.56,0,0,0,0,0,0,0,0,0,0.0160751428399483,0,0,0.00510189291431538,0,-0.00510189291431538,0,0,0
f.rnd,10x10,OPT,F,opt,3,352,65.86,65.94,0,0,0,0,0,0,0,0,0,0,0.0187173703024555,0,0.00497727725332739,0,-0.00497727725332739,0,0,0
f.rnd,10x10,OPT,F,opt,3,353,68.23,68.79,0.0202339037246202,0,0,0,0,0,0,0,0,0,0,0,0,-0.00391654437146259,-0.00413920799184717,0,0,0
f.rnd,10x10,OPT,F,opt,3,354,61.7,62.68,0,0.00616126811556734,0,0,0,0,0,0,0,0,0,0,0,-0.00395589605539978,-0.00492074525665169,0,0,0
f.rnd,10x10,OPT,F,opt,3,355,68.59,69.14,0,0,-0.0163515087718244,0,0,0,0,0,0,0,0,0,0,0.00411834484744922,0.00512047397424734,0,0,0
f.rnd,10x10,OPT,F,opt,3,356,62.12,63.27,0,0,0,0.343819836501327,0,0,0,0,0,0,0,0,0,-0.00196261184245204,0.00376277340531233,0,0,0
f.rnd,10x10,OPT,F,opt,3,357,61.5,62.43,0,0,0,0,0.00318469957277761,0,0,0,0,0,0,0,0,0.0019405502830595,0.00387359540853255,0,0,0
f.rnd,10x10,OPT,F,opt,3,358,61.39,62.32,0,0,0,0,0,0.00135615958542622,0,0,0,0,0,0,0,-0.00421835117252287,-0.00432626790974778,0,0,0
f.rnd,10x10,OPT,F,opt,3,359,61.96,62.87,0,0,0,0,0,0,-0.00394532381008855,0,0,0,0,0,0,0.0016004656815506,0.00373231851432428,0,0,0
f.rnd,10x10,OPT,F,opt,3,360,62.12,63.27,0,0,0,0,0,0,0,-0.339825412786613,0,0,0,0,0,0.00188354456281951,-0.00378262626434293,0,0,0
f.rnd,10x10,OPT,F,opt,3,361,62.02,63.16,0,0,0,0,0,0,0,0,-0.00490487386652285,0,0,0,0,0.00383619746581501,0.00460673316339374,0,0,0
f.rnd,10x10,OPT,F,opt,3,362,68.63,69.15,0,0,0,0,0,0,0,0,0,0.0163183955072264,0,0,0,-0.00414389535511651,-0.00502226963831419,0,0,0
f.rnd,10x10,OPT,F,opt,3,363,67.91,68.5,0,0,0,0,0,0,0,0,0,0,-0.0190649819495121,0,0,0.00407334006460842,0.00513246758943933,0,0,0
f.rnd,10x10,OPT,F,opt,3,364,62.05,63.17,0,0,0,0,0,0,0,0,0,0,0,0,0.00224617919362855,-0.00393215135718514,-0.00224617919362855,0,0,0
f.rnd,10x10,OPT,F,opt,3,365,66.58,66.66,0.0231961147202483,0.00454927103193425,0,0,0,0,0,0,0,0,0,0,0,0,0,-0.00319992976103859,0,0
f.rnd,10x10,OPT,F,opt,3,366,66.56,66.67,-0.0187451256626818,0,-0.00467706233447587,0,0,0,0,0,0,0,0,0,0,0,0,0.00319487409912126,0,0
f.rnd,10x10,OPT,F,opt,3,367,66.56,66.66,0,0.0184116854721894,-0.0231592159823823,0,0,0,0,0,0,0,0,0,0,0,0,0.00315834242176269,0,0
f.rnd,10x10,OPT,F,opt,3,368,70.47,70.78,-0.0197103433745103,0,0,0.461405028413014,0,0,0,0,0,0,0,0,0,0,0,-0.00349124151554072,0,0
f.rnd,10x10,OPT,F,opt,3,369,66.78,67.08,0,0.00725591267589082,0,-0.602411481853489,0,0,0,0,0,0,0,0,0,0,0,0.00644906254403154,0,0
f.rnd,10x10,OPT,F,opt,3,370,71.47,72.22,0,0,-0.0157334082761798,0.581055143910202,0,0,0,0,0,0,0,0,0,0,0,-0.00560535151333771,0,0
f.rnd,10x10,OPT,F,opt,3,371,68.79,69.02,-0.0205448725790392,0,0,0,0.00428864319881151,0,0,0,0,0,0,0,0,0,0,0.00113605071925526,0,0
f.rnd,10x10,OPT,F,opt,3,372,62.99,63.36,0,-0.00919861640056587,0,0,0.00609598357620748,0,0,0,0,0,0,0,0,0,0,-0.000725316621732899,0,0
f.rnd,10x10,OPT,F,opt,3,373,70.02,70.23,0,0,0.0167746497670538,0,-0.00588715471754005,0,0,0,0,0,0,0,0,0,0,0,0,0
f.rnd,10x10,OPT,F,opt,3,374,64.43,65.17,0,0,0,0.345085754862594,0.00328974698474749,0,0,0,0,0,0,0,0,0,0,-0.00429257235078508,0,0
f.rnd,10x10,OPT,F,opt,3,375,66.54,66.49,0.0241374972401251,0,0,0,0,-0.00117022173873867,0,0,0,0,0,0,0,0,0,-0.00314917816366848,0,0
f.rnd,10x10,OPT,F,opt,3,376,54.48,55.68,0,0.00204464873536619,0,0,0,0.000865222583171018,0,0,0,0,0,0,0,0,0,-0.00221044092369658,0,0
f.rnd,10x10,OPT,F,opt,3,377,65.13,65.49,0,0,-0.0158414813234018,0,0,0.000597031019776098,0,0,0,0,0,0,0,0,0,0.00258362767274313,0,0
f.rnd,10x10,OPT,F,opt,3,378,64.92,65.8,0,0,0,0.587642610489553,0,-0.00140638124986337,0,0,0,0,0,0,0,0,0,-0.00603758431309284,0,0
f.rnd,10x10,OPT,F,opt,3,379,60.64,61.31,0,0,0,0,-0.00566030516993529,0.00182153361823198,0,0,0,0,0,0,0,0,0,0.000229338840034034,0,0
f.rnd,10x10,OPT,F,opt,3,380,69.6,69.87,0.0207869009552693,0,0,0,0,0,0.00507523891760634,0,0,0,0,0,0,0,0,-0.000719027774177908,0,0
f.rnd,10x10,OPT,F,opt,3,381,63.04,63.4,0,0.00311469138655248,0,0,0,0,0.00611164916567733,0,0,0,0,0,0,0,0,0.000688121690737589,0,0
f.rnd,10x10,OPT,F,opt,3,382,69.66,69.7,0,0,-0.0145539920955046,0,0,0,-0.00562467387906508,0,0,0,0,0,0,0,0,0,0,0
f.rnd,10x10,OPT,F,opt,3,383,64.9,65.5,0,0,0,-0.421062149026012,0,0,0.00370924440051815,0,0,0,0,0,0,0,0,0.00565479801076822,0,0
f.rnd,10x10,OPT,F,opt,3,384,63.1,63.43,0,0,0,0,0.00320302302633803,0,0.0093824760950417,0,0,0,0,0,0,0,0,0.000670238075531099,0,0
f.rnd,10x10,OPT,F,opt,3,385,62.91,63.36,0,0,0,0,0,0.00189477359539356,0.00646983748991073,0,0,0,0,0,0,0,0,0.000595460494305987,0,0
f.rnd,10x10,OPT,F,opt,3,386,70.49,70.78,0.0195251096289934,0,0,0,0,0,0,-0.450502344446263,0,0,0,0,0,0,0,0.00337220885363352,0,0
f.rnd,10x10,OPT,F,opt,3,387,66.79,67.09,0,-0.00738595073682441,0,0,0,0,0,0.603992414752393,0,0,0,0,0,0,0,-0.00648184420194303,0,0
f.rnd,10x10,OPT,F,opt,3,388,71.47,72.17,0,0,-0.0155684275116899,0,0,0,0,0.504854465866393,0,0,0,0,0,0,0,-0.00453165363191077,0,0
f.rnd,10x10,OPT,F,opt,3,389,65.36,65.73,0,0,0,0.291461569658491,0,0,0,0.291461569658491,0,0,0,0,0,0,0,-0.00614668045925921,0,0
f.rnd,10x10,OPT,F,opt,3,390,64.47,65.15,0,0,0,0,-0.00303993060868415,0,0,-0.399964776718576,0,0,0,0,0,0,0,0.00494563404014443,0,0
f.rnd,10x10,OPT,F,opt,3,391,64.94,65.79,0,0,0,0,0,0.00138452321373007,0,-0.591109740728064,0,0,0,0,0,0,0,0.00602869062111363,0,0
f.rnd,10x10,OPT,F,opt,3,392,64.85,65.48,0,0,0,0,0,0,-0.00368906016921013,0.418759878889709,0,0,0,0,0,0,0,-0.00555413602961468,0,0
f.rnd,10x10,OPT,F,opt,3,393,68.27,68.61,0.0189961655609547,0,0,0,0,0,0,0,0.362931700497138,0,0,0,0,0,0,0.00253772193455743,0,0
f.rnd,10x10,OPT,F,opt,3,394,63.22,64.36,0,-0.00228575699329727,0,0,0,0,0,0,-0.466888588348943,0,0,0,0,0,0,-0.00501869055125687,0,0
f.rnd,10x10,OPT,F,opt,3,395,68.47,69.05,0,0,0.0135979668804028,0,0,0,0,0,0.377459751550632,0,0,0,0,0,0,0.00319075391213767,0,0
f.rnd,10x10,OPT,F,opt,3,396,66.13,66.93,0,0,0,0.836397281695126,0,0,0,0,0.296191057802809,0,0,0,0,0,0,-0.00496784438791817,0,0
f.rnd,10x10,OPT,F,opt,3,397,61.52,62.42,0,0,0,0,0.00317296213082374,0,0,0,-0.336665581370177,0,0,0,0,0,0,-0.00453098817541499,0,0
f.rnd,10x10,OPT,F,opt,3,398,61.81,63.08,0,0,0,0,0,0.00133708608244984,0,0,0.480913751888605,0,0,0,0,0,0,0.00509967547557132,0,0
f.rnd,10x10,OPT,F,opt,3,399,61.95,62.88,0,0,0,0,0,0,-0.00382228932072706,0,-0.319350228370725,0,0,0,0,0,0,-0.00459666568628918,0,0
f.rnd,10x10,OPT,F,opt,3,400,66.14,66.93,0,0,0,0,0,0,0,-0.836119024025619,-0.295939893359314,0,0,0,0,0,0,0.00494262121859093,0,0
f.rnd,10x10,OPT,F,opt,3,401,66.62,66.66,-0.0186542102685896,0,0,0,0,0,0,0,0,-0.0045461017547507,0,0,0,0,0,0.00308150385967243,0,0
f.rnd,10x10,OPT,F,opt,3,402,66.45,66.61,0,0.0180706678893019,0,0,0,0,0,0,0,-0.0230553044657784,0,0,0,0,0,0.00313947981983742,0,0
f.rnd,10x10,OPT,F,opt,3,403,64.99,65.17,0,0,-0.00787656900608352,0,0,0,0,0,0,-0.00781909280221537,0,0,0,0,0,0.00275205711404314,0,0
f.rnd,10x10,OPT,F,opt,3,404,71.47,72.21,0,0,0,0.585031121343576,0,0,0,0,0,-0.0158982730355741,0,0,0,0,0,-0.00562441586192937,0,0
f.rnd,10x10,OPT,F,opt,3,405,69.94,70.19,0,0,0,0,0.00588649573052993,0,0,0,0,-0.0169173208760379,0,0,0,0,0,0,0,0
f.rnd,10x10,OPT,F,opt,3,406,65.13,65.51,0,0,0,0,0,0.000632721792601099,0,0,0,-0.0161126555291529,0,0,0,0,0,0.00268563342418747,0,0
f.rnd,10x10,OPT,F,opt,3,407,69.64,69.69,0,0,0,0,0,0,-0.00567760569113459,0,0,-0.0146321271568887,0,0,0,0,0,0,0,0
f.rnd,10x10,OPT,F,opt,3,408,71.46,72.22,0,0,0,0,0,0,0,0.58291873595201,0,-0.0159142531059239,0,0,0,0,0,-0.00557736434538502,0,0
f.rnd,10x10,OPT,F,opt,3,409,68.46,69.06,0,0,0,0,0,0,0,0,-0.378655126393041,-0.0135926630629377,0,0,0,0,0,-0.00317871964650886,0,0
f.rnd,10x10,OPT,F,opt,3,410,66.61,66.65,-0.0195760923669569,0,0,0,0,0,0,0,0,0,-0.00490598804373377,0,0,0,0,0.00317348587974727,0,0
f.rnd,10x10,OPT,F,opt,3,411,65.05,65.26,0,-0.0138100948336345,0,0,0,0,0,0,0,0,0.0248471085270041,0,0,0,0,-0.00300337003378502,0,0
f.rnd,10x10,OPT,F,opt,3,412,65.05,65.19,0,0,-0.0138454383159779,0,0,0,0,0,0,0,-0.00230686421926723,0,0,0,0,0.00267111740374846,0,0
f.rnd,10x10,OPT,F,opt,3,413,70.64,71.44,0,0,0,-0.580372175125185,0,0,0,0,0,0,0.0185393334305605,0,0,0,0,0.00571598610352982,0,0
f.rnd,10x10,OPT,F,opt,3,414,69.21,69.57,0,0,0,0,-0.00582158318053439,0,0,0,0,0,0.0196364929913524,0,0,0,0,0,0,0
f.rnd,10x10,OPT,F,opt,3,415,64.04,64.48,0,0,0,0,0,-0.000456313396513612,0,0,0,0,0.0186830205005487,0,0,0,0,-0.00259074609386108,0,0
f.rnd,10x10,OPT,F,opt,3,416,69.01,69.1,0,0,0,0,0,0,0.00569955472750999,0,0,0,0.0168869543817368,0,0,0,0,0,0,0
f.rnd,10x10,OPT,F,opt,3,417,70.66,71.41,0,0,0,0,0,0,0,0.579651744127801,0,0,-0.0184248256364623,0,0,0,0,-0.00564287632720148,0,0
f.rnd,10x10,OPT,F,opt,3,418,67.68,68.42,0,0,0,0,0,0,0,0,-0.384191446650853,0,-0.0156179652708346,0,0,0,0,-0.00340134336300867,0,0
f.rnd,10x10,OPT,F,opt,3,419,65.02,65.17,0,0,0,0,0,0,0,0,0,0.0130316804294452,0.00313257805136067,0,0,0,0,-0.0026855582615619,0,0
f.rnd,10x10,OPT,F,opt,3,420,67.49,67.3,-0.0215634240933641,0,0,0,0,0,0,0,0,0,0,0,-0.00693678698001951,0,0,0.00181958266631662,0,0
f.rnd,10x10,OPT,F,opt,3,421,56.78,57.19,0,-0.00555018606303349,0,0,0,0,0,0,0,0,0,0,-0.00939100065265799,0,0,0.000426328041498156,0,0
f.rnd,10x10,OPT,F,opt,3,422,66.77,66.7,0,0,-0.0161518380514277,0,0,0,0,0,0,0,0,0,-0.00918271305507954,0,0,0.00110797570776804,0,0
f.rnd,10x10,OPT,F,opt,3,423,64.25,64.48,0,0,0,-0.469763693062246,0,0,0,0,0,0,0,0,0.00301151630868444,0,0,0.00505384940994033,0,0
f.rnd,10x10,OPT,F,opt,3,424,60.71,61.17,0,0,0,0,-0.00435956281055306,0,0,0,0,0,0,0,0.00553382844209506,0,0,0.000935018829508651,0,0
f.rnd,10x10,OPT,F,opt,3,425,56.51,57.2,0,0,0,0,0,-0.00080128388683473,0,0,0,0,0,0,-0.00874542699598018,0,0,0.000720073894004328,0,0
f.rnd,10x10,OPT,F,opt,3,426,61.39,61.87,0,0,0,0,0,0,0.00511162841041325,0,0,0,0,0,0.00553043758077585,0,0,0.00135416049057525,0,0
f.rnd,10x10,OPT,F,opt,3,427,64.24,64.5,0,0,0,0,0,0,0,0.471531568921544,0,0,0,0,-0.0029640893581401,0,0,-0.00505788598062115,0,0
f.rnd,10x10,OPT,F,opt,3,428,61.1,61.88,0,0,0,0,0,0,0,0,-0.376162786475329,0,0,0,-0.00445387346797118,0,0,-0.00451739386501348,0,0
f.rnd,10x10,OPT,F,opt,3,429,66.77,66.71,0,0,0,0,0,0,0,0,0,-0.0162651078249252,0,0,-0.00930365339979977,0,0,0.00103586908013158,0,0
f.rnd,10x10,OPT,F,opt,3,430,65.96,66.09,0,0,0,0,0,0,0,0,0,0,-0.0186391627962339,0,-0.00925970366736037,0,0,0.000987445234153638,0,0
f.rnd,10x10,OPT,F,opt,3,431,68.13,68.83,0.0204041820487452,0,0,0,0,0,0,0,0,0,0,0,0,-0.00533990104204649,0,0.000214335611723706,0,0
f.rnd,10x10,OPT,F,opt,3,432,62.15,63.08,0,-0.00694938157267878,0,0,0,0,0,0,0,0,0,0,0,0.0071637614760412,0,-0.00235722701463502,0,0
f.rnd,10x10,OPT,F,opt,3,433,68.61,69.47,0,0,-0.0159007043676398,0,0,0,0,0,0,0,0,0,0,0.00686453060357497,0,-0.00149836118492124,0,0
f.rnd,10x10,OPT,F,opt,3,434,64.22,64.62,0,0,0,0.441747662357184,0,0,0,0,0,0,0,0,0,0.000579932614607347,0,-0.0044371534478751,0,0
f.rnd,10x10,OPT,F,opt,3,435,62.22,63.08,0,0,0,0,0.00362546866949412,0,0,0,0,0,0,0,0,0.0045004996270609,0,-0.00225580954183277,0,0
f.rnd,10x10,OPT,F,opt,3,436,62.01,63.04,0,0,0,0,0,-0.00165586375513368,0,0,0,0,0,0,0,0.00703703633969575,0,-0.00203490382031753,0,0
f.rnd,10x10,OPT,F,opt,3,437,62.75,63.72,0,0,0,0,0,0,0.0046312681166606,0,0,0,0,0,0,-0.00422834721043625,0,0.0026132697635789,0,0
f.rnd,10x10,OPT,F,opt,3,438,64.35,64.66,0,0,0,0,0,0,0,0.485004022710781,0,0,0,0,0,0.000105016090405589,0,-0.00478809869166905,0,0
f.rnd,10x10,OPT,F,opt,3,439,61.45,62.38,0,0,0,0,0,0,0,0,0.366897310391932,0,0,0,0,-0.00209446340933539,0,0.00480612631608713,0,0
f.rnd,10x10,OPT,F,opt,3,440,68.61,69.49,0,0,0,0,0,0,0,0,0,0.0157299810006014,0,0,0,-0.00697381662872612,0,0.00162947162189379,0,0
f.rnd,10x10,OPT,F,opt,3,441,68.11,68.9,0,0,0,0,0,0,0,0,0,0,-0.0185200723740744,0,0,0.0068412736948693,0,-0.00158499561109005,0,0
f.rnd,10x10,OPT,F,opt,3,442,61.95,62.72,0,0,0,0,0,0,0,0,0,0,0,0,-0.00458211717632613,0.00535555727357405,0,-0.00201953850573904,0,0
f.rnd,10x10,OPT,F,opt,3,443,67.46,67.28,0.0212588937912196,0,0,0,0,0,0,0,0,0,0,0,0,0,-0.00699761686045593,-0.00184360325867504,0,0
f.rnd,10x10,OPT,F,opt,3,444,56.79,57.21,0,0.00556073657231602,0,0,0,0,0,0,0,0,0,0,0,0,-0.00929744800018759,-0.000460920986965992,0,0
f.rnd,10x10,OPT,F,opt,3,445,66.8,66.7,0,0,0.0160721821036444,0,0,0,0,0,0,0,0,0,0,0,-0.00917121617714839,-0.00107485917680061,0,0
f.rnd,10x10,OPT,F,opt,3,446,64.24,64.49,0,0,0,-0.467964539869148,0,0,0,0,0,0,0,0,0,0,-0.00304535768103289,0.00503189792420813,0,0
f.rnd,10x10,OPT,F,opt,3,447,60.78,61.2,0,0,0,0,-0.00442212149633834,0,0,0,0,0,0,0,0,0,-0.00551911054686176,0.00100114922571157,0,0
f.rnd,10x10,OPT,F,opt,3,448,56.49,57.19,0,0,0,0,0,0.000797326150947858,0,0,0,0,0,0,0,0,-0.00872816057432517,-0.000702749153701482,0,0
f.rnd,10x10,OPT,F,opt,3,449,61.39,61.86,0,0,0,0,0,0,-0.0051973468289941,0,0,0,0,0,0,0,0.00548651404075799,-0.00134081002924323,0,0
f.rnd,10x10,OPT,F,opt,3,450,64.26,64.49,0,0,0,0,0,0,0,0.469843320820269,0,0,0,0,0,0,0.0029908856292828,-0.00505399675406831,0,0
f.rnd,10x10,OPT,F,opt,3,451,61.08,61.86,0,0,0,0,0,0,0,0,0.380910700297434,0,0,0,0,0,-0.00437974324173356,0.00459241082843802,0,0
f.rnd,10x10,OPT,F,opt,3,452,66.78,66.7,0,0,0,0,0,0,0,0,0,-0.0162236522382071,0,0,0,0,0.00911408583493834,0.00104692578409847,0,0
f.rnd,10x10,OPT,F,opt,3,453,65.94,66.1,0,0,0,0,0,0,0,0,0,0,0.0188819271216956,0,0,0,-0.00919577991454976,-0.00100370864305953,0,0
f.rnd,10x10,OPT,F,opt,3,454,58.35,58.72,0,0,0,0,0,0,0,0,0,0,0,0,-0.0043877582740736,0,0.0043877582740736,0.000602554418988706,0,0
f.rnd,10x10,OPT,F,opt,3,455,61.99,62.75,0,0,0,0,0,0,0,0,0,0,0,0,0,0.00535570569937892,0.00461327316589171,-0.00195679155492713,0,0
f.rnd,10x10,OPT,F,opt,3,456,67.2,67.49,0.0180544176120938,0.00620639570058385,0,0,0,0,0,0,0,0,0,0,0,0,0,0,0.00350993155389041,0
f.rnd,10x10,OPT,F,opt,3,457,67.22,67.46,-0.0115341162928495,0,-0.00641977949292713,0,0,0,0,0,0,0,0,0,0,0,0,0,-0.00356301318269456,0
f.rnd,10x10,OPT,F,opt,3,458,67.2,67.48,0,-0.0115573276808775,0.0180709667422719,0,0,0,0,0,0,0,0,0,0,0,0,0,0.00355875728413217,0
f.rnd,10x10,OPT,F,opt,3,459,69.92,70.24,0.0231125878759494,0,0,-0.370027290161726,0,0,0,0,0,0,0,0,0,0,0,0,-0.00138518665814442,0
f.rnd,10x10,OPT,F,opt,3,460,64.15,65.48,0,-0.00468021672596718,0,0.265733409190889,0,0,0,0,0,0,0,0,0,0,0,0,-0.00139967748604999,0
f.rnd,10x10,OPT,F,opt,3,461,70.33,71.03,0,0,-0.0165357250290687,0.346253877951906,0,0,0,0,0,0,0,0,0,0,0,0,0.000348510242358675,0
f.rnd,10x10,OPT,F,opt,3,462,69.12,69.21,-0.0178462447171941,0,0,0,0.0040630127521526,0,0,0,0,0,0,0,0,0,0,0,-0.00208581445820941,0
f.rnd,10x10,OPT,F,opt,3,463,64.43,65.51,0,0.00872455419749146,0,0,-0.00451483445974259,0,0,0,0,0,0,0,0,0,0,0,0.00316572629151154,0
f.rnd,10x10,OPT,F,opt,3,464,70.35,70.59,0,0,0.0155897037466573,0,-0.00496457372400137,0,0,0,0,0,0,0,0,0,0,0,0.00217966507462539,0
f.rnd,10x10,OPT,F,opt,3,465,62.64,63.65,0,0,0,-0.172487669874264,-0.00260366197232378,0,0,0,0,0,0,0,0,0,0,0,0.00156788150660815,0
f.rnd,10x10,OPT,F,opt,3,466,68.62,68.74,-0.0207345254403459,0,0,0,0,0.00509820210941093,0,0,0,0,0,0,0,0,0,0,-0.0057081858506646,0
f.rnd,10x10,OPT,F,opt,3,467,62.96,64.28,0,0.00553912697425834,0,0,0,-0.00372073905986423,0,0,0,0,0,0,0,0,0,0,0.00648616101917457,0
f.rnd,10x10,OPT,F,opt,3,468,69,69.43,0,0,0.0160009295019635,0,0,-0.00515265573148585,0,0,0,0,0,0,0,0,0,0,0.00634549280341854,0
f.rnd,10x10,OPT,F,opt,3,469,63.22,64.41,0,0,0,-0.366544120919579,0,0.00209737174705963,0,0,0,0,0,0,0,0,0,0,-0.000908690868797773,0
f.rnd,10x10,OPT,F,opt,3,470,62.75,63.65,0,0,0,0,-0.00340437134506089,-0.00124191344917516,0,0,0,0,0,0,0,0,0,0,0.00398090094917379,0
f.rnd,10x10,OPT,F,opt,3,471,69.7,70.07,0.0183031415995555,0,0,0,0,0,0.00477619151405831,0,0,0,0,0,0,0,0,0,0.00183279023270211,0
f.rnd,10x10,OPT,F,opt,3,472,64.38,65.43,0,-0.0039069157613752,0,0,0,0,-0.00445287679839919,0,0,0,0,0,0,0,0,0,-0.00315901401895855,0
f.rnd,10x10,OPT,F,opt,3,473,69.73,70.26,0,0,0.013597298885467,0,0,0,0.0046110458274485,0,0,0,0,0,0,0,0,0,0.00247598048225725,0
f.rnd,10x10,OPT,F,opt,3,474,63.41,64.57,0,0,0,-0.00480060828914368,0,0,0.0045142146660557,0,0,0,0,0,0,0,0,0,0.00311234732579133,0
f.rnd,10x10,OPT,F,opt,3,475,64.46,65.51,0,0,0,0,-0.00423051754287343,0,-0.0087272235824879,0,0,0,0,0,0,0,0,0,-0.00316021904711706,0
f.rnd,10x10,OPT,F,opt,3,476,63.39,64.41,0,0,0,0,0,0.00085194801397969,-0.00402362271784212,0,0,0,0,0,0,0,0,0,-0.00364407466066464,0
f.rnd,10x10,OPT,F,opt,3,477,69.92,70.24,0.0230241176653263,0,0,0,0,0,0,-0.367939810695114,0,0,0,0,0,0,0,0,-0.00136049844909795,0
f.rnd,10x10,OPT,F,opt,3,478,64.15,65.34,0,-0.00435942730343998,0,0,0,0,0,0.259466777476498,0,0,0,0,0,0,0,0,-0.00153604460500868,0
f.rnd,10x10,OPT,F,opt,3,479,70.32,71.08,0,0,-0.0166812316987525,0,0,0,0,0.355491876212921,0,0,0,0,0,0,0,0,0.000403685877652972,0
f.rnd,10x10,OPT,F,opt,3,480,62.78,64.12,0,0,0,-0.129308560946393,0,0,0,-0.129308560946393,0,0,0,0,0,0,0,0,0.00145233623078493,0
f.rnd,10x10,OPT,F,opt,3,481,62.64,63.63,0,0,0,0,-0.00255534131736742,0,0,-0.173028064343547,0,0,0,0,0,0,0,0,0.0016262563931829,0
f.rnd,10x10,OPT,F,opt,3,482,63.26,64.44,0,0,0,0,0,0.00212749241756969,0,-0.369812412966034,0,0,0,0,0,0,0,0,-0.000924426027911785,0
f.rnd,10x10,OPT,F,opt,3,483,63.4,64.58,0,0,0,0,0,0,0.0044679732696821,-0.00474586685971482,0,0,0,0,0,0,0,0,0.00304223915256547,0
f.rnd,10x10,OPT,F,opt,3,484,68.2,68.37,0.0205466413191162,0,0,0,0,0,0,0,0.241153499293199,0,0,0,0,0,0,0,0.000354464812253436,0
f.rnd,10x10,OPT,F,opt,3,485,62.49,63.92,0,-0.00314618494559208,0,0,0,0,0,0,-0.157642428809272,0,0,0,0,0,0,0,-0.00265281056335153,0
f.rnd,10x10,OPT,F,opt,3,486,67.91,68.43,0,0,-0.013902997686605,0,0,0,0,0,-0.189356007874409,0,0,0,0,0,0,0,-0.00165345467520476,0
f.rnd,10x10,OPT,F,opt,3,487,65.09,66.5,0,0,0,0.704634563821671,0,0,0,0,0.42431546315062,0,0,0,0,0,0,0,-0.00129836527759717,0
f.rnd,10x10,OPT,F,opt,3,488,62.52,63.66,0,0,0,0,-0.00395452410618814,0,0,0,0,0,0,0,0,0,0,0,0.00318410897869333,0
f.rnd,10x10,OPT,F,opt,3,489,62.14,63.19,0,0,0,0,0,-0.00346362364443048,0,0,0.00672797914981685,0,0,0,0,0,0,0,0.00615136083326815,0
f.rnd,10x10,OPT,F,opt,3,490,63.39,64.61,0,0,0,0,0,0,-0.00448333302427109,0,0,0,0,0,0,0,0,0,-0.00312701671849997,0
f.rnd,10x10,OPT,F,opt,3,491,63.72,65.07,0,0,0,0,0,0,0,-0.489048056173546,-0.225867572814664,0,0,0,0,0,0,0,0.00140544277878314,0
f.rnd,10x10,OPT,F,opt,3,492,67.22,67.48,-0.0115440987330894,0,0,0,0,0,0,0,0,-0.00645004000795288,0,0,0,0,0,0,-0.00349780846163344,0
f.rnd,10x10,OPT,F,opt,3,493,67.2,67.41,0,0.0114308247721294,0,0,0,0,0,0,0,-0.0179655357196646,0,0,0,0,0,0,-0.00357503593176326,0
f.rnd,10x10,OPT,F,opt,3,494,66.34,66.94,0,0,-0.00658301370097829,0,0,0,0,0,0,-0.00653029478821034,0,0,0,0,0,0,-0.0039750423254521,0
f.rnd,10x10,OPT,F,opt,3,495,70.33,71.02,0,0,0,-0.342465442437806,0,0,0,0,0,0.0165010082628183,0,0,0,0,0,0,-0.000253945818737172,0
f.rnd,10x10,OPT,F,opt,3,496,70.29,70.56,0,0,0,0,-0.00492860622269086,0,0,0,0,0.0157045847862137,0,0,0,0,0,0,0.00216431215109559,0
f.rnd,10x10,OPT,F,opt,3,497,68.99,69.4,0,0,0,0,0,0.00513694134647274,0,0,0,-0.0158355344097578,0,0,0,0,0,0,-0.00636406084063823,0
f.rnd,10x10,OPT,F,opt,3,498,69.77,70.25,0,0,0,0,0,0,-0.00461688874410078,0,0,-0.0134722835076712,0,0,0,0,0,0,-0.00251291744622443,0
f.rnd,10x10,OPT,F,opt,3,499,70.32,71.08,0,0,0,0,0,0,0,0.354855753388773,0,-0.0165893969339398,0,0,0,0,0,0,0.000477718212814088,0
f.rnd,10x10,OPT,F,opt,3,500,67.92,68.48,0,0,0,0,0,0,0,0,-0.192947271163706,-0.0141119139228227,0,0,0,0,0,0,-0.00163905600423723,0
f.rnd,10x10,OPT,F,opt,3,501,67.14,67.48,0.012625133113935,0,0,0,0,0,0,0,0,0,0.00666372539070335,0,0,0,0,0,0.00354077830534557,0
f.rnd,10x10,OPT,F,opt,3,502,66.39,66.76,0,-0.00810954227749198,0,0,0,0,0,0,0,0,0.0192446336685962,0,0,0,0,0,0.00373715901253113,0
f.rnd,10x10,OPT,F,opt,3,503,66.36,66.95,0,0,-0.0117030749858102,0,0,0,0,0,0,0,-0.00188321502127309,0,0,0,0,0,-0.00396429113321,0
f.rnd,10x10,OPT,F,opt,3,504,69.26,70,0,0,0,-0.332081622554881,0,0,0,0,0,0,0.0188445341090184,0,0,0,0,0,0,0
f.rnd,10x10,OPT,F,opt,3,505,69.49,70.01,0,0,0,0,0.00484400959650451,0,0,0,0,0,-0.0179630338580442,0,0,0,0,0,-0.00225182615300617,0
f.rnd,10x10,OPT,F,opt,3,506,68.11,68.64,0,0,0,0,0,0.00497644665028284,0,0,0,0,-0.0186113257506778,0,0,0,0,0,-0.00629754612719273,0
f.rnd,10x10,OPT,F,opt,3,507,69.22,69.85,0,0,0,0,0,0,0.00460302550142025,0,0,0,0.0159643350493521,0,0,0,0,0,0.00252656090481653,0
f.rnd,10x10,OPT,F,opt,3,508,69.24,70.01,0,0,0,0,0,0,0,0.33736192886899,0,0,-0.0192036065952821,0,0,0,0,0,0.000169565595187844,0
f.rnd,10x10,OPT,F,opt,3,509,67.21,67.81,0,0,0,0,0,0,0,0,-0.184210990579611,0,-0.0161741005092921,0,0,0,0,0,-0.0017772504010669,0
f.rnd,10x10,OPT,F,opt,3,510,66.38,66.95,0,0,0,0,0,0,0,0,0,0.0116776571533547,0.0021274322483259,0,0,0,0,0,0.00396541078231338,0
f.rnd,10x10,OPT,F,opt,3,511,67.34,67.44,0.0182116330162952,0,0,0,0,0,0,0,0,0,0,0,0.00659157996135395,0,0,0,0.00209934114426246,0
f.rnd,10x10,OPT,F,opt,3,512,60.63,61.8,0,0.00613373988276204,0,0,0,0,0,0,0,0,0,0,0.00643043696017346,0,0,0,0.00342458532990286,0
f.rnd,10x10,OPT,F,opt,3,513,67.16,67.37,0,0,0.0146941151217714,0,0,0,0,0,0,0,0,0,0.00780422250363694,0,0,0,0.00240353543776948,0
f.rnd,10x10,OPT,F,opt,3,514,62.22,63.46,0,0,0,-0.22939499647211,0,0,0,0,0,0,0,0,0.0028793816763519,0,0,0,0.00125145682515326,0
f.rnd,10x10,OPT,F,opt,3,515,62.05,63.05,0,0,0,0,-0.00337223139229739,0,0,0,0,0,0,0,0.0032400359046329,0,0,0,0.00275422132117243,0
f.rnd,10x10,OPT,F,opt,3,516,61.87,62.72,0,0,0,0,0,0.0026493991198876,0,0,0,0,0,0,-0.0040902765711599,0,0,0,-0.00502554426893704,0
f.rnd,10x10,OPT,F,opt,3,517,62.7,63.7,0,0,0,0,0,0,0.00395298362272681,0,0,0,0,0,0.00305893717573089,0,0,0,0.00261500416591758,0
f.rnd,10x10,OPT,F,opt,3,518,62.25,63.49,0,0,0,0,0,0,0,-0.235301792884155,0,0,0,0,0.00282783055338605,0,0,0,0.00119634380850902,0
f.rnd,10x10,OPT,F,opt,3,519,60.93,61.91,0,0,0,0,0,0,0,0,0.116721068763237,0,0,0,0.00432843514825399,0,0,0,0.00234143872016403,0
f.rnd,10x10,OPT,F,opt,3,520,67.05,67.39,0,0,0,0,0,0,0,0,0,-0.0145745850984019,0,0,-0.00777238568054687,0,0,0,-0.00251196763852038,0
f.rnd,10x10,OPT,F,opt,3,521,66.41,66.91,0,0,0,0,0,0,0,0,0,0,0.0171681761599442,0,0.00747463716933825,0,0,0,0.00260121670097281,0
f.rnd,10x10,OPT,F,opt,3,522,68.15,68.69,-0.0195656103563247,0,0,0,0,0,0,0,0,0,0,0,0,0.00456083471387399,0,0,-0.000904152129287198,0
f.rnd,10x10,OPT,F,opt,3,523,62.88,64.26,0,-0.00559031544424326,0,0,0,0,0,0,0,0,0,0,0,0.00366109344903575,0,0,-0.00266566299617546,0
f.rnd,10x10,OPT,F,opt,3,524,68.44,69.23,0,0,-0.0152038033144419,0,0,0,0,0,0,0,0,0,0,0.00480407773798455,0,0,-0.00131190708414625,0
f.rnd,10x10,OPT,F,opt,3,525,63.12,64.74,0,0,0,0.329999812142866,0,0,0,0,0,0,0,0,0,-0.00158737437563024,0,0,-0.00143179981859673,0
f.rnd,10x10,OPT,F,opt,3,526,62.6,63.62,0,0,0,0,-0.00352915725641637,0,0,0,0,0,0,0,0,-0.00102800716808499,0,0,0.00279618029827382,0
f.rnd,10x10,OPT,F,opt,3,527,62.13,63.25,0,0,0,0,0,0.00240237417583062,0,0,0,0,0,0,0,0.00149707483663359,0,0,-0.00496976689652816,0
f.rnd,10x10,OPT,F,opt,3,528,63.27,64.48,0,0,0,0,0,0,0.00416770130221508,0,0,0,0,0,0,-0.000689671655619379,0,0,0.0028384863777405,0
f.rnd,10x10,OPT,F,opt,3,529,63.18,64.84,0,0,0,0,0,0,0,0.329941990971244,0,0,0,0,0,-0.00153337153287502,0,0,-0.00138838939885391,0
f.rnd,10x10,OPT,F,opt,3,530,61.8,62.94,0,0,0,0,0,0,0,0,0.00400329083940827,0,0,0,0,-0.00340663783630236,0,0,0.00269010816498244,0
f.rnd,10x10,OPT,F,opt,3,531,68.39,69.22,0,0,0,0,0,0,0,0,0,-0.0154178981838038,0,0,0,0.00473870168904396,0,0,-0.00134762827013998,0
f.rnd,10x10,OPT,F,opt,3,532,67.72,68.58,0,0,0,0,0,0,0,0,0,0,-0.0178083689392531,0,0,0.00469258745422441,0,0,-0.00144921771385637,0
f.rnd,10x10,OPT,F,opt,3,533,61.23,62.38,0,0,0,0,0,0,0,0,0,0,0,0,0.00391061583461571,-0.00235853614292171,0,0,0.00249652236205603,0
f.rnd,10x10,OPT,F,opt,3,534,67.33,67.44,-0.0181369959643243,0,0,0,0,0,0,0,0,0,0,0,0,0,0.00659174567695549,0,-0.00209773953500377,0
f.rnd,10x10,OPT,F,opt,3,535,60.58,61.82,0,-0.00604129244412104,0,0,0,0,0,0,0,0,0,0,0,0,0.00639404527037902,0,-0.00345900469669414,0
f.rnd,10x10,OPT,F,opt,3,536,67.1,67.41,0,0,0.0145854802500213,0,0,0,0,0,0,0,0,0,0,0,-0.00772404336101417,0,0.00247837878549118,0
f.rnd,10x10,OPT,F,opt,3,537,61.97,63.11,0,0,0,0.18763803931638,0,0,0,0,0,0,0,0,0,0,0.00335311742303119,0,-0.00166213624728585,0
f.rnd,10x10,OPT,F,opt,3,538,62.11,63.04,0,0,0,0,0.00344404477469289,0,0,0,0,0,0,0,0,0,0.00324085834421681,0,-0.00271684298183875,0
f.rnd,10x10,OPT,F,opt,3,539,61.86,62.67,0,0,0,0,0,0.00264744335384352,0,0,0,0,0,0,0,0,0.00418997669186586,0,-0.00499303487084484,0
f.rnd,10x10,OPT,F,opt,3,540,62.68,63.67,0,0,0,0,0,0,-0.00392364115427569,0,0,0,0,0,0,0,0.00322158824647262,0,-0.0026464123826618,0
f.rnd,10x10,OPT,F,opt,3,541,61.98,63.11,0,0,0,0,0,0,0,-0.187591540557397,0,0,0,0,0,0,-0.00334193084319037,0,0.00166617572495868,0
f.rnd,10x10,OPT,F,opt,3,542,60.91,61.88,0,0,0,0,0,0,0,0,-0.113763494089919,0,0,0,0,0,0.00435342458194528,0,-0.0022822276107461,0
f.rnd,10x10,OPT,F,opt,3,543,67.11,67.41,0,0,0,0,0,0,0,0,0,0.0145368191206549,0,0,0,0,-0.00769927945658458,0,0.0024603235918331,0
f.rnd,10x10,OPT,F,opt,3,544,66.42,66.93,0,0,0,0,0,0,0,0,0,0,0.0168956007210099,0,0,0,-0.00747006015368191,0,0.00249396384809622,0
f.rnd,10x10,OPT,F,opt,3,545,59.99,60.86,0,0,0,0,0,0,0,0,0,0,0,0,0.0029427749980852,0,-0.0029427749980852,0,0.0033998988019778,0
f.rnd,10x10,OPT,F,opt,3,546,61.23,62.37,0,0,0,0,0,0,0,0,0,0,0,0,0,-0.00234629253906207,-0.00399736708984075,0,0.00250752095752141,0
f.rnd,10x10,OPT,F,opt,3,547,67.07,67.09,0.0197469764543835,0,0,0,0,0,0,0,0,0,0,0,0,0,0,-0.00170564761295277,0.00248817045856626,0
f.rnd,10x10,OPT,F,opt,3,548,61.24,62.37,0,0.00470563963756282,0,0,0,0,0,0,0,0,0,0,0,0,0,0.000491701201679302,0.00488845630854107,0
f.rnd,10x10,OPT,F,opt,3,549,66.45,66.86,0,0,0.0134647742462335,0,0,0,0,0,0,0,0,0,0,0,0,-0.000605256547453255,0.00367589959436866,0
f.rnd,10x10,OPT,F,opt,3,550,64.63,65.6,0,0,0,-0.46649176795587,0,0,0,0,0,0,0,0,0,0,0,0.00521352299160042,0.00148293291200467,0
f.rnd,10x10,OPT,F,opt,3,551,63.84,64.54,0,0,0,0,0.00464223829835027,0,0,0,0,0,0,0,0,0,0,-0.00208648084305201,-0.00399529327551124,0
f.rnd,10x10,OPT,F,opt,3,552,63.44,64.1,0,0,0,0,0,-0.005563647451682,0,0,0,0,0,0,0,0,0,0.00297350813898565,0.00871193326191566,0
f.rnd,10x10,OPT,F,opt,3,553,65.25,66.24,0,0,0,0,0,0,0.00548278918516387,0,0,0,0,0,0,0,0,0.00255827199787706,0.00404177590811836,0
f.rnd,10x10,OPT,F,opt,3,554,64.62,65.52,0,0,0,0,0,0,0,0.517056354706599,0,0,0,0,0,0,0,-0.00581213760629194,-0.0012386879896176,0
f.rnd,10x10,OPT,F,opt,3,555,62.26,63.51,0,0,0,0,0,0,0,0,-0.354984252721487,0,0,0,0,0,0,-0.00467814685031426,-0.0026020743747587,0
f.rnd,10x10,OPT,F,opt,3,556,66.47,66.84,0,0,0,0,0,0,0,0,0,-0.0135169039497379,0,0,0,0,0,0.000660775710812346,-0.00365699006910981,0
f.rnd,10x10,OPT,F,opt,3,557,65.8,66.39,0,0,0,0,0,0,0,0,0,0,-0.0156041251927522,0,0,0,0,0.000545535779722603,-0.00377950677995788,0
f.rnd,10x10,OPT,F,opt,3,558,60.63,61.09,0,0,0,0,0,0,0,0,0,0,0,0,0.00632224205467014,0,0,0.000993817122474332,0.00381355774318739,0
f.rnd,10x10,OPT,F,opt,3,559,62.48,63.54,0,0,0,0,0,0,0,0,0,0,0,0,0,0.00506830582202045,0,-0.00258884203129884,-0.00306865659032215,0
f.rnd,10x10,OPT,F,opt,3,560,60.61,61.11,0,0,0,0,0,0,0,0,0,0,0,0,0,0,-0.00652576582987915,0.00106595234647736,0.00381921391361867,0
