Problem,NrFeat,Model,Training.Rho,NTrain,Validation.Rho,NTest,Dimension,Track,Scaled,Prob,Validation.Acc,Training.Acc
j.rndn,1,1,52.08953,300,52.56241,200,10x10,OPT,FALSE,equal,50.15,50.44
j.rndn,1,10,26.27929,300,25.72607,200,10x10,OPT,FALSE,equal,44.87,54.48
j.rndn,1,11,26.27929,300,25.72607,200,10x10,OPT,FALSE,equal,45.48,54.69
j.rndn,1,12,26.84431,300,26.98574,200,10x10,OPT,FALSE,equal,42.36,52.14
j.rndn,1,13,25.35989,300,24.7682,200,10x10,OPT,FALSE,equal,43.78,53.72
j.rndn,1,14,26.84431,300,26.98574,200,10x10,OPT,FALSE,equal,42.36,52.14
j.rndn,1,15,46.76571,300,47.58957,200,10x10,OPT,FALSE,equal,49.5,52.32
j.rndn,1,16,19.66463,300,19.59873,200,10x10,OPT,FALSE,equal,39.84,55.82
j.rndn,1,2,29.82388,300,28.56507,200,10x10,OPT,FALSE,equal,44.17,53.94
j.rndn,1,3,26.27929,300,25.72607,200,10x10,OPT,FALSE,equal,44.66,54.43
j.rndn,1,4,18.83669,300,18.01215,200,10x10,OPT,FALSE,equal,39.83,55.6
j.rndn,1,5,54.43807,300,54.8317,200,10x10,OPT,FALSE,equal,40.74,52.42
j.rndn,1,6,51.81178,300,50.91532,200,10x10,OPT,FALSE,equal,50.35,51.66
j.rndn,1,7,60.12739,300,58.52558,200,10x10,OPT,FALSE,equal,55.08,49.59
j.rndn,1,8,45.88918,300,47.02589,200,10x10,OPT,FALSE,equal,49.11,50.35
j.rndn,1,9,45.63891,300,45.39239,200,10x10,OPT,FALSE,equal,49.47,52.04
j.rndn,16,1,37.65896,300,37.63751,200,10x10,OPT,FALSE,equal,48.02,59.2
j.rndn,2,1,27.33101,300,28.4281,200,10x10,OPT,FALSE,equal,44.93,54.32
j.rndn,2,10,33.48479,300,31.6858,200,10x10,OPT,FALSE,equal,41.31,54.69
j.rndn,2,100,46.76571,300,47.58957,200,10x10,OPT,FALSE,equal,49.5,52.32
j.rndn,2,101,25.69457,300,25.05702,200,10x10,OPT,FALSE,equal,43.58,55.53
j.rndn,2,102,30.94886,300,30.54439,200,10x10,OPT,FALSE,equal,45.35,55.89
j.rndn,2,103,46.77936,300,47.04104,200,10x10,OPT,FALSE,equal,52.22,50.34
j.rndn,2,104,28.95972,300,28.1306,200,10x10,OPT,FALSE,equal,43.21,54.56
j.rndn,2,105,46.77936,300,47.04104,200,10x10,OPT,FALSE,equal,52.22,50.34
j.rndn,2,106,20.79319,300,20.54257,200,10x10,OPT,FALSE,equal,39.89,56.02
j.rndn,2,107,21.62284,300,21.6221,200,10x10,OPT,FALSE,equal,39.62,55.46
j.rndn,2,108,21.17911,300,21.24464,200,10x10,OPT,FALSE,equal,39.62,55.51
j.rndn,2,109,19.66463,300,19.59873,200,10x10,OPT,FALSE,equal,39.84,55.82
j.rndn,2,11,50.22407,300,49.31542,200,10x10,OPT,FALSE,equal,50.39,52.01
j.rndn,2,110,33.10271,300,31.73297,200,10x10,OPT,FALSE,equal,41.6,54.91
j.rndn,2,111,19.40104,300,19.40791,200,10x10,OPT,FALSE,equal,40.58,55.95
j.rndn,2,112,34.58187,300,34.1405,200,10x10,OPT,FALSE,equal,41.96,56.21
j.rndn,2,113,19.66463,300,19.59873,200,10x10,OPT,FALSE,equal,39.8,55.79
j.rndn,2,114,19.69738,300,19.60648,200,10x10,OPT,FALSE,equal,39.75,56.57
j.rndn,2,115,15.26888,300,15.29445,200,10x10,OPT,FALSE,equal,40.03,56.89
j.rndn,2,116,13.52182,300,13.67016,200,10x10,OPT,FALSE,equal,41.15,57.81
j.rndn,2,117,23.37158,300,24.00039,200,10x10,OPT,FALSE,equal,40.16,54.93
j.rndn,2,118,16.00737,300,16.35627,200,10x10,OPT,FALSE,equal,39.94,57.11
j.rndn,2,119,23.37158,300,24.00039,200,10x10,OPT,FALSE,equal,40.16,54.93
j.rndn,2,12,43.23834,300,41.83785,200,10x10,OPT,FALSE,equal,44.36,53.45
j.rndn,2,120,19.67282,300,19.60384,200,10x10,OPT,FALSE,equal,39.74,56.64
j.rndn,2,13,42.75175,300,41.5829,200,10x10,OPT,FALSE,equal,44.4,53.53
j.rndn,2,14,19.14161,300,19.11445,200,10x10,OPT,FALSE,equal,40.16,55.82
j.rndn,2,15,48.30029,300,47.55264,200,10x10,OPT,FALSE,equal,47.94,51.68
j.rndn,2,16,62.00804,300,62.25701,200,10x10,OPT,FALSE,equal,55.05,51.3
j.rndn,2,17,50.15622,300,50.183,200,10x10,OPT,FALSE,equal,48.54,54.37
j.rndn,2,18,51.0285,300,48.86355,200,10x10,OPT,FALSE,equal,48.71,54.78
j.rndn,2,19,33.41566,300,33.38671,200,10x10,OPT,FALSE,equal,41.7,55.54
j.rndn,2,2,27.33101,300,28.4281,200,10x10,OPT,FALSE,equal,44.93,54.32
j.rndn,2,20,49.96221,300,50.17779,200,10x10,OPT,FALSE,equal,48.53,54.37
j.rndn,2,21,56.68968,300,55.65275,200,10x10,OPT,FALSE,equal,53.76,52.14
j.rndn,2,22,50.68712,300,49.83929,200,10x10,OPT,FALSE,equal,50.15,50.37
j.rndn,2,23,29.82388,300,28.56507,200,10x10,OPT,FALSE,equal,44.3,54.22
j.rndn,2,24,26.27929,300,25.72607,200,10x10,OPT,FALSE,equal,44.74,54.36
j.rndn,2,25,18.83669,300,18.01215,200,10x10,OPT,FALSE,equal,40.04,55.56
j.rndn,2,26,21.84039,300,22.16696,200,10x10,OPT,FALSE,equal,43.91,51.39
j.rndn,2,27,51.38776,300,50.12762,200,10x10,OPT,FALSE,equal,50.24,51.63
j.rndn,2,28,58.83868,300,59.33602,200,10x10,OPT,FALSE,equal,54.4,50.81
j.rndn,2,29,46.11011,300,46.15723,200,10x10,OPT,FALSE,equal,49.69,52.59
j.rndn,2,3,27.21735,300,28.24175,200,10x10,OPT,FALSE,equal,44.91,54.32
j.rndn,2,30,25.91457,300,25.66454,200,10x10,OPT,FALSE,equal,43.11,54.3
j.rndn,2,31,23.83491,300,23.21509,200,10x10,OPT,FALSE,equal,43.35,54.74
j.rndn,2,32,18.95364,300,18.08112,200,10x10,OPT,FALSE,equal,39.96,56.34
j.rndn,2,33,46.90146,300,45.27366,200,10x10,OPT,FALSE,equal,52.45,50.6
j.rndn,2,34,44.204,300,43.42252,200,10x10,OPT,FALSE,equal,49.27,52.79
j.rndn,2,35,55.60176,300,55.99806,200,10x10,OPT,FALSE,equal,55.32,52.99
j.rndn,2,36,44.77118,300,45.89739,200,10x10,OPT,FALSE,equal,49.34,52.05
j.rndn,2,37,26.27929,300,25.72607,200,10x10,OPT,FALSE,equal,44.88,54.49
j.rndn,2,38,26.33342,300,26.48533,200,10x10,OPT,FALSE,equal,46.01,54.53
j.rndn,2,39,26.27929,300,25.72607,200,10x10,OPT,FALSE,equal,45.96,54.49
j.rndn,2,4,21.13087,300,21.16634,200,10x10,OPT,FALSE,equal,40,55.82
j.rndn,2,40,15.37895,300,14.85599,200,10x10,OPT,FALSE,equal,40.33,56.85
j.rndn,2,41,41.05128,300,39.65778,200,10x10,OPT,FALSE,equal,49.31,55.4
j.rndn,2,42,37.56638,300,36.09923,200,10x10,OPT,FALSE,equal,44.39,54.7
j.rndn,2,43,42.65778,300,41.45053,200,10x10,OPT,FALSE,equal,47.86,55.21
j.rndn,2,44,26.27929,300,25.72607,200,10x10,OPT,FALSE,equal,44.95,54.43
j.rndn,2,45,25.79468,300,24.87806,200,10x10,OPT,FALSE,equal,43.7,55.44
j.rndn,2,46,24.90825,300,24.35849,200,10x10,OPT,FALSE,equal,45.59,54.57
j.rndn,2,47,26.45531,300,26.42986,200,10x10,OPT,FALSE,equal,49.89,55.55
j.rndn,2,48,26.27929,300,25.72607,200,10x10,OPT,FALSE,equal,49.9,55.32
j.rndn,2,49,13.89285,300,13.58173,200,10x10,OPT,FALSE,equal,41.22,57.6
j.rndn,2,5,24.97912,300,24.05879,200,10x10,OPT,FALSE,equal,39.49,54.56
j.rndn,2,50,45.07827,300,42.47413,200,10x10,OPT,FALSE,equal,52.01,56.42
j.rndn,2,51,35.27227,300,34.56949,200,10x10,OPT,FALSE,equal,46.32,55.5
j.rndn,2,52,42.3363,300,40.53459,200,10x10,OPT,FALSE,equal,48.49,56.01
j.rndn,2,53,26.13756,300,25.6874,200,10x10,OPT,FALSE,equal,45.52,54.74
j.rndn,2,54,30.69679,300,30.93391,200,10x10,OPT,FALSE,equal,45.34,55.85
j.rndn,2,55,26.27929,300,25.72607,200,10x10,OPT,FALSE,equal,50.05,55.52
j.rndn,2,56,40.21213,300,39.98877,200,10x10,OPT,FALSE,equal,46.04,50.63
j.rndn,2,57,29.7769,300,28.67991,200,10x10,OPT,FALSE,equal,46.14,54.27
j.rndn,2,58,26.35542,300,26.50729,200,10x10,OPT,FALSE,equal,46.21,54.55
j.rndn,2,59,23.98249,300,23.18316,200,10x10,OPT,FALSE,equal,40.05,54.69
j.rndn,2,6,25.57372,300,24.78578,200,10x10,OPT,FALSE,equal,39.37,54.36
j.rndn,2,60,26.84431,300,26.98574,200,10x10,OPT,FALSE,equal,40.86,51.17
j.rndn,2,61,47.64609,300,47.60213,200,10x10,OPT,FALSE,equal,48.35,51.65
j.rndn,2,62,55.36992,300,55.02102,200,10x10,OPT,FALSE,equal,50.61,53.17
j.rndn,2,63,27.64195,300,27.68101,200,10x10,OPT,FALSE,equal,44.4,51.55
j.rndn,2,64,45.72922,300,43.33128,200,10x10,OPT,FALSE,equal,52.87,50.33
j.rndn,2,65,26.33803,300,26.30472,200,10x10,OPT,FALSE,equal,46.43,54.9
j.rndn,2,66,26.90109,300,27.10106,200,10x10,OPT,FALSE,equal,48.28,55.59
j.rndn,2,67,25.31247,300,25.04506,200,10x10,OPT,FALSE,equal,44.26,54.44
j.rndn,2,68,27.49826,300,26.76705,200,10x10,OPT,FALSE,equal,42.96,54.36
j.rndn,2,69,23.09726,300,22.9303,200,10x10,OPT,FALSE,equal,43.09,54.63
j.rndn,2,7,39.96175,300,39.43537,200,10x10,OPT,FALSE,equal,45.58,50.63
j.rndn,2,70,15.10258,300,15.212,200,10x10,OPT,FALSE,equal,40.06,56.98
j.rndn,2,71,35.42094,300,34.39803,200,10x10,OPT,FALSE,equal,48.04,54.32
j.rndn,2,72,38.40452,300,37.57974,200,10x10,OPT,FALSE,equal,44.5,53.95
j.rndn,2,73,50.07526,300,50.62529,200,10x10,OPT,FALSE,equal,47.91,54.66
j.rndn,2,74,24.89504,300,24.80874,200,10x10,OPT,FALSE,equal,43.98,53.8
j.rndn,2,75,27.5817,300,26.48678,200,10x10,OPT,FALSE,equal,43.26,54.28
j.rndn,2,76,24.81443,300,24.22351,200,10x10,OPT,FALSE,equal,43.52,55.33
j.rndn,2,77,24.58864,300,24.24264,200,10x10,OPT,FALSE,equal,44.18,55.38
j.rndn,2,78,26.48923,300,28.15983,200,10x10,OPT,FALSE,equal,45.68,53.9
j.rndn,2,79,40.21213,300,39.98877,200,10x10,OPT,FALSE,equal,46.04,50.63
j.rndn,2,8,49.96221,300,50.17779,200,10x10,OPT,FALSE,equal,48.53,54.37
j.rndn,2,80,29.7769,300,28.67991,200,10x10,OPT,FALSE,equal,46.14,54.27
j.rndn,2,81,26.35542,300,26.50729,200,10x10,OPT,FALSE,equal,46.21,54.55
j.rndn,2,82,23.98249,300,23.18316,200,10x10,OPT,FALSE,equal,40.05,54.69
j.rndn,2,83,26.84431,300,26.98574,200,10x10,OPT,FALSE,equal,40.86,51.17
j.rndn,2,84,47.64609,300,47.60213,200,10x10,OPT,FALSE,equal,48.35,51.65
j.rndn,2,85,55.36992,300,55.02102,200,10x10,OPT,FALSE,equal,50.61,53.17
j.rndn,2,86,27.64195,300,27.68101,200,10x10,OPT,FALSE,equal,44.4,51.55
j.rndn,2,87,45.72922,300,43.33128,200,10x10,OPT,FALSE,equal,52.87,50.33
j.rndn,2,88,26.33803,300,26.30472,200,10x10,OPT,FALSE,equal,46.43,54.9
j.rndn,2,89,26.90109,300,27.10106,200,10x10,OPT,FALSE,equal,48.28,55.59
j.rndn,2,9,51.42318,300,49.6884,200,10x10,OPT,FALSE,equal,48.72,54.73
j.rndn,2,90,26.84431,300,26.98574,200,10x10,OPT,FALSE,equal,42.36,52.14
j.rndn,2,91,26.48923,300,28.15983,200,10x10,OPT,FALSE,equal,45.68,53.9
j.rndn,2,92,46.49632,300,46.5679,200,10x10,OPT,FALSE,equal,49.65,52.62
j.rndn,2,93,26.59087,300,25.21213,200,10x10,OPT,FALSE,equal,43.08,54.5
j.rndn,2,94,23.60007,300,22.87052,200,10x10,OPT,FALSE,equal,43.24,54.82
j.rndn,2,95,18.93059,300,18.10501,200,10x10,OPT,FALSE,equal,39.99,56.34
j.rndn,2,96,47.00442,300,48.3783,200,10x10,OPT,FALSE,equal,51.19,50.89
j.rndn,2,97,44.1397,300,43.7297,200,10x10,OPT,FALSE,equal,49.34,52.77
j.rndn,2,98,56.26009,300,56.33574,200,10x10,OPT,FALSE,equal,55.14,52.94
j.rndn,2,99,45.93159,300,46.62621,200,10x10,OPT,FALSE,equal,49.32,52.19
j.rndn,3,1,27.33101,300,28.4281,200,10x10,OPT,FALSE,equal,44.93,54.32
j.rndn,3,10,38.33861,300,37.98856,200,10x10,OPT,FALSE,equal,41.66,55.19
j.rndn,3,100,42.64967,300,41.32304,200,10x10,OPT,FALSE,equal,47.85,55.22
j.rndn,3,101,42.21779,300,41.46725,200,10x10,OPT,FALSE,equal,49.03,55.3
j.rndn,3,102,42.7709,300,41.39011,200,10x10,OPT,FALSE,equal,49,55.23
j.rndn,3,103,29.28829,300,28.51536,200,10x10,OPT,FALSE,equal,42.22,57.11
j.rndn,3,104,42.21779,300,41.46725,200,10x10,OPT,FALSE,equal,49.03,55.3
j.rndn,3,105,43.19806,300,41.87204,200,10x10,OPT,FALSE,equal,46.9,55.21
j.rndn,3,106,26.33803,300,26.30472,200,10x10,OPT,FALSE,equal,44.94,54.45
j.rndn,3,107,26.33342,300,26.48533,200,10x10,OPT,FALSE,equal,46.02,54.42
j.rndn,3,108,26.27929,300,25.72607,200,10x10,OPT,FALSE,equal,46.02,54.45
j.rndn,3,109,15.37895,300,14.85599,200,10x10,OPT,FALSE,equal,40.37,56.9
j.rndn,3,11,43.99485,300,42.63833,200,10x10,OPT,FALSE,equal,45.09,53.54
j.rndn,3,110,40.83132,300,40.10166,200,10x10,OPT,FALSE,equal,49.35,55.44
j.rndn,3,111,37.57501,300,36.09923,200,10x10,OPT,FALSE,equal,44.47,54.63
j.rndn,3,112,42.69195,300,41.4875,200,10x10,OPT,FALSE,equal,47.9,55.32
j.rndn,3,113,25.74384,300,25.18403,200,10x10,OPT,FALSE,equal,43.71,55.43
j.rndn,3,114,25.61387,300,25.36976,200,10x10,OPT,FALSE,equal,44.52,55.43
j.rndn,3,115,25.7527,300,25.00109,200,10x10,OPT,FALSE,equal,44.5,55.47
j.rndn,3,116,15.34009,300,14.8577,200,10x10,OPT,FALSE,equal,40.47,57.64
j.rndn,3,117,43.98566,300,42.27365,200,10x10,OPT,FALSE,equal,48.63,56.41
j.rndn,3,118,36.83394,300,36.114,200,10x10,OPT,FALSE,equal,43.63,55.26
j.rndn,3,119,45.70535,300,44.32225,200,10x10,OPT,FALSE,equal,47.48,56.43
j.rndn,3,12,43.99485,300,42.63833,200,10x10,OPT,FALSE,equal,45.09,53.54
j.rndn,3,120,25.71776,300,25.12321,200,10x10,OPT,FALSE,equal,43.67,55.47
j.rndn,3,121,24.72662,300,24.13895,200,10x10,OPT,FALSE,equal,49.8,55.15
j.rndn,3,122,24.72662,300,24.13895,200,10x10,OPT,FALSE,equal,49.8,55.15
j.rndn,3,123,24.72662,300,24.13895,200,10x10,OPT,FALSE,equal,49.8,55.15
j.rndn,3,124,13.69818,300,13.58688,200,10x10,OPT,FALSE,equal,41.24,57.61
j.rndn,3,125,17.76417,300,16.92012,200,10x10,OPT,FALSE,equal,44.33,57.85
j.rndn,3,126,17.56589,300,17.21847,200,10x10,OPT,FALSE,equal,44.42,57.78
j.rndn,3,127,44.7685,300,44.39586,200,10x10,OPT,FALSE,equal,52.11,56.34
j.rndn,3,128,44.03492,300,41.565,200,10x10,OPT,FALSE,equal,52.4,56.49
j.rndn,3,129,43.52654,300,41.66296,200,10x10,OPT,FALSE,equal,52.55,56.46
j.rndn,3,13,43.99485,300,42.63833,200,10x10,OPT,FALSE,equal,45.09,53.54
j.rndn,3,130,37.14602,300,36.98052,200,10x10,OPT,FALSE,equal,45.03,58.26
j.rndn,3,131,33.73805,300,35.01364,200,10x10,OPT,FALSE,equal,46.49,55.51
j.rndn,3,132,34.80587,300,34.65465,200,10x10,OPT,FALSE,equal,49.53,55.83
j.rndn,3,133,35.16465,300,35.07196,200,10x10,OPT,FALSE,equal,49.49,55.82
j.rndn,3,134,15.02768,300,14.78282,200,10x10,OPT,FALSE,equal,41.56,57.71
j.rndn,3,135,46.34987,300,47.51861,200,10x10,OPT,FALSE,equal,51.37,56.28
j.rndn,3,136,40.67469,300,41.34189,200,10x10,OPT,FALSE,equal,48.71,55.93
j.rndn,3,137,44.17915,300,41.65504,200,10x10,OPT,FALSE,equal,52.41,56.49
j.rndn,3,138,43.60286,300,42.10323,200,10x10,OPT,FALSE,equal,52.53,56.38
j.rndn,3,139,28.84385,300,27.35337,200,10x10,OPT,FALSE,equal,43.55,58.2
j.rndn,3,14,20.54239,300,20.79223,200,10x10,OPT,FALSE,equal,40.57,56.15
j.rndn,3,140,44.03492,300,41.565,200,10x10,OPT,FALSE,equal,52.4,56.49
j.rndn,3,141,43.19083,300,43.08012,200,10x10,OPT,FALSE,equal,48.44,56.09
j.rndn,3,142,24.49952,300,24.59103,200,10x10,OPT,FALSE,equal,45.68,54.67
j.rndn,3,143,26.1305,300,26.34492,200,10x10,OPT,FALSE,equal,49.85,55.4
j.rndn,3,144,26.09712,300,26.03398,200,10x10,OPT,FALSE,equal,49.95,55.34
j.rndn,3,145,13.82371,300,13.51265,200,10x10,OPT,FALSE,equal,41.34,57.62
j.rndn,3,146,45.84078,300,42.87307,200,10x10,OPT,FALSE,equal,52.12,56.33
j.rndn,3,147,35.01784,300,34.70149,200,10x10,OPT,FALSE,equal,46.32,55.45
j.rndn,3,148,42.4178,300,41.00106,200,10x10,OPT,FALSE,equal,48.61,56
j.rndn,3,149,27.47158,300,28.13118,200,10x10,OPT,FALSE,equal,45.35,55.8
j.rndn,3,15,19.88619,300,19.78477,200,10x10,OPT,FALSE,equal,40.33,55.74
j.rndn,3,150,32.53885,300,33.43189,200,10x10,OPT,FALSE,equal,48.73,56.29
j.rndn,3,151,32.72201,300,32.58147,200,10x10,OPT,FALSE,equal,48.62,56.16
j.rndn,3,152,14.99984,300,15.04558,200,10x10,OPT,FALSE,equal,41.42,58.04
j.rndn,3,153,48.9486,300,48.27522,200,10x10,OPT,FALSE,equal,52.07,57.33
j.rndn,3,154,37.25267,300,36.82287,200,10x10,OPT,FALSE,equal,45.59,56.11
j.rndn,3,155,47.35795,300,49.17802,200,10x10,OPT,FALSE,equal,48.7,57.06
j.rndn,3,156,30.44687,300,30.70574,200,10x10,OPT,FALSE,equal,45.38,55.89
j.rndn,3,157,24.65055,300,24.60866,200,10x10,OPT,FALSE,equal,50.04,55.37
j.rndn,3,158,26.25248,300,26.00866,200,10x10,OPT,FALSE,equal,50.92,55.58
j.rndn,3,159,26.27929,300,25.72607,200,10x10,OPT,FALSE,equal,50.98,55.55
j.rndn,3,16,19.63514,300,19.41267,200,10x10,OPT,FALSE,equal,40.25,55.73
j.rndn,3,160,14.61786,300,14.74585,200,10x10,OPT,FALSE,equal,44.91,58
j.rndn,3,161,42.94814,300,40.11356,200,10x10,OPT,FALSE,equal,53.47,56.57
j.rndn,3,162,35.36274,300,34.55696,200,10x10,OPT,FALSE,equal,49.73,55.95
j.rndn,3,163,43.11852,300,40.94849,200,10x10,OPT,FALSE,equal,52.35,56.57
j.rndn,3,164,26.00261,300,26.00487,200,10x10,OPT,FALSE,equal,50.12,55.52
j.rndn,3,165,30.11219,300,29.892,200,10x10,OPT,FALSE,equal,48.97,56.3
j.rndn,3,166,27.74068,300,28.29561,200,10x10,OPT,FALSE,equal,46.11,54.57
j.rndn,3,167,27.74068,300,28.29561,200,10x10,OPT,FALSE,equal,46.11,54.57
j.rndn,3,168,27.90355,300,28.17585,200,10x10,OPT,FALSE,equal,46.14,54.59
j.rndn,3,169,23.25752,300,23.11703,200,10x10,OPT,FALSE,equal,40.02,54.92
j.rndn,3,17,47.15852,300,45.86902,200,10x10,OPT,FALSE,equal,48.75,52.03
j.rndn,3,170,23.89831,300,22.9693,200,10x10,OPT,FALSE,equal,40.09,54.58
j.rndn,3,171,23.30602,300,22.92411,200,10x10,OPT,FALSE,equal,40.15,54.72
j.rndn,3,172,41.44009,300,41.27081,200,10x10,OPT,FALSE,equal,45.32,50.73
j.rndn,3,173,50.27894,300,50.04448,200,10x10,OPT,FALSE,equal,48.31,54.44
j.rndn,3,174,51.10465,300,49.89288,200,10x10,OPT,FALSE,equal,48.6,54.75
j.rndn,3,175,33.0818,300,31.77953,200,10x10,OPT,FALSE,equal,41.29,54.68
j.rndn,3,176,48.98519,300,48.38013,200,10x10,OPT,FALSE,equal,48.82,52
j.rndn,3,177,43.76986,300,41.73881,200,10x10,OPT,FALSE,equal,45.04,53.53
j.rndn,3,178,44.19328,300,41.3259,200,10x10,OPT,FALSE,equal,45.18,53.54
j.rndn,3,179,22.11541,300,22.1764,200,10x10,OPT,FALSE,equal,40.89,55.5
j.rndn,3,18,50.50357,300,49.98189,200,10x10,OPT,FALSE,equal,47.43,53.86
j.rndn,3,180,48.63454,300,48.81551,200,10x10,OPT,FALSE,equal,47.67,51.62
j.rndn,3,181,57.76912,300,56.25229,200,10x10,OPT,FALSE,equal,50.7,52.92
j.rndn,3,182,50.52192,300,49.96873,200,10x10,OPT,FALSE,equal,48.29,54.43
j.rndn,3,183,51.15598,300,49.02799,200,10x10,OPT,FALSE,equal,48.43,54.79
j.rndn,3,184,34.3906,300,34.84285,200,10x10,OPT,FALSE,equal,41.67,55.41
j.rndn,3,185,50.27894,300,50.04448,200,10x10,OPT,FALSE,equal,48.31,54.44
j.rndn,3,186,54.1701,300,53.8614,200,10x10,OPT,FALSE,equal,50.41,52.59
j.rndn,3,187,39.68934,300,40.6882,200,10x10,OPT,FALSE,equal,46.24,50.65
j.rndn,3,188,29.76011,300,28.59191,200,10x10,OPT,FALSE,equal,46,54.25
j.rndn,3,189,26.15229,300,26.40677,200,10x10,OPT,FALSE,equal,46.22,54.56
j.rndn,3,19,49.85975,300,50.435,200,10x10,OPT,FALSE,equal,47.5,54.01
j.rndn,3,190,24.03819,300,23.04641,200,10x10,OPT,FALSE,equal,40.2,54.53
j.rndn,3,191,27.69497,300,28.20852,200,10x10,OPT,FALSE,equal,43.4,51.51
j.rndn,3,192,47.98358,300,47.09198,200,10x10,OPT,FALSE,equal,48.39,51.6
j.rndn,3,193,55.73202,300,54.43443,200,10x10,OPT,FALSE,equal,50.6,53.16
j.rndn,3,194,46.40224,300,47.15809,200,10x10,OPT,FALSE,equal,52.3,51.76
j.rndn,3,195,28.15856,300,28.45125,200,10x10,OPT,FALSE,equal,44.61,54.33
j.rndn,3,196,27.40057,300,25.83867,200,10x10,OPT,FALSE,equal,44.81,54.72
j.rndn,3,197,23.99198,300,23.34165,200,10x10,OPT,FALSE,equal,40.19,55.17
j.rndn,3,198,45.64395,300,43.48692,200,10x10,OPT,FALSE,equal,51.79,49.4
j.rndn,3,199,45.15651,300,43.53755,200,10x10,OPT,FALSE,equal,51.01,52.75
j.rndn,3,2,23.10735,300,22.37001,200,10x10,OPT,FALSE,equal,39.83,55.32
j.rndn,3,20,31.39881,300,31.88624,200,10x10,OPT,FALSE,equal,42.3,55.17
j.rndn,3,200,50.87593,300,48.99639,200,10x10,OPT,FALSE,equal,53.47,53.99
j.rndn,3,201,45.61188,300,44.17759,200,10x10,OPT,FALSE,equal,52.26,50.31
j.rndn,3,202,26.33803,300,26.30472,200,10x10,OPT,FALSE,equal,46.45,54.93
j.rndn,3,203,26.1084,300,26.39865,200,10x10,OPT,FALSE,equal,47.3,54.92
j.rndn,3,204,26.25296,300,26.06659,200,10x10,OPT,FALSE,equal,47.31,54.97
j.rndn,3,205,15.78298,300,14.99614,200,10x10,OPT,FALSE,equal,41.19,56.94
j.rndn,3,206,40.98195,300,40.16282,200,10x10,OPT,FALSE,equal,49.24,55.44
j.rndn,3,207,37.30466,300,36.92264,200,10x10,OPT,FALSE,equal,45.36,54.78
j.rndn,3,208,42.71378,300,41.50486,200,10x10,OPT,FALSE,equal,47.88,55.24
j.rndn,3,209,26.33803,300,26.30472,200,10x10,OPT,FALSE,equal,46.35,54.78
j.rndn,3,21,51.81046,300,51.59095,200,10x10,OPT,FALSE,equal,48.78,54.7
j.rndn,3,210,26.23061,300,25.44987,200,10x10,OPT,FALSE,equal,45.96,55.76
j.rndn,3,211,25.16288,300,23.96474,200,10x10,OPT,FALSE,equal,48.68,55.27
j.rndn,3,212,26.93812,300,26.22651,200,10x10,OPT,FALSE,equal,51.07,55.91
j.rndn,3,213,25.64956,300,24.88112,200,10x10,OPT,FALSE,equal,51.18,55.8
j.rndn,3,214,15.10197,300,14.91901,200,10x10,OPT,FALSE,equal,42.33,57.59
j.rndn,3,215,44.89821,300,42.22002,200,10x10,OPT,FALSE,equal,52.03,56.4
j.rndn,3,216,35.95117,300,35.22204,200,10x10,OPT,FALSE,equal,48.17,55.68
j.rndn,3,217,40.57332,300,39.82515,200,10x10,OPT,FALSE,equal,49.56,56.1
j.rndn,3,218,27.29601,300,26.37305,200,10x10,OPT,FALSE,equal,48.3,55.52
j.rndn,3,219,34.213,300,34.62676,200,10x10,OPT,FALSE,equal,49.04,56.71
j.rndn,3,22,51.81046,300,51.59095,200,10x10,OPT,FALSE,equal,48.78,54.7
j.rndn,3,220,25.05069,300,25.55642,200,10x10,OPT,FALSE,equal,51.67,55.97
j.rndn,3,221,25.23812,300,24.65419,200,10x10,OPT,FALSE,equal,43.21,54.8
j.rndn,3,222,25.23812,300,24.65419,200,10x10,OPT,FALSE,equal,43.21,54.8
j.rndn,3,223,25.16967,300,24.51428,200,10x10,OPT,FALSE,equal,43.22,54.77
j.rndn,3,224,15.9887,300,15.28076,200,10x10,OPT,FALSE,equal,40.14,57.26
j.rndn,3,225,15.29482,300,15.38157,200,10x10,OPT,FALSE,equal,40.15,56.96
j.rndn,3,226,15.63904,300,15.59652,200,10x10,OPT,FALSE,equal,40.04,56.79
j.rndn,3,227,39.08283,300,37.09658,200,10x10,OPT,FALSE,equal,48.19,54.5
j.rndn,3,228,47.26572,300,47.06514,200,10x10,OPT,FALSE,equal,47.3,55.37
j.rndn,3,229,48.42716,300,46.80682,200,10x10,OPT,FALSE,equal,47.73,55.74
j.rndn,3,23,51.81046,300,51.59095,200,10x10,OPT,FALSE,equal,48.78,54.7
j.rndn,3,230,34.62898,300,34.72776,200,10x10,OPT,FALSE,equal,41.35,55.16
j.rndn,3,231,40.48502,300,38.35118,200,10x10,OPT,FALSE,equal,45.1,54.05
j.rndn,3,232,38.52204,300,36.76066,200,10x10,OPT,FALSE,equal,43.18,54.32
j.rndn,3,233,38.0983,300,36.29005,200,10x10,OPT,FALSE,equal,43.22,54.42
j.rndn,3,234,17.27925,300,17.48036,200,10x10,OPT,FALSE,equal,40.38,56.71
j.rndn,3,235,44.63483,300,44.03409,200,10x10,OPT,FALSE,equal,47.99,53.97
j.rndn,3,236,52.23681,300,50.91498,200,10x10,OPT,FALSE,equal,48.57,55.27
j.rndn,3,237,47.26572,300,47.08967,200,10x10,OPT,FALSE,equal,47.31,55.37
j.rndn,3,238,47.84865,300,47.33052,200,10x10,OPT,FALSE,equal,47.66,55.61
j.rndn,3,239,34.74614,300,34.56879,200,10x10,OPT,FALSE,equal,43.01,57.29
j.rndn,3,24,35.02468,300,33.85692,200,10x10,OPT,FALSE,equal,41.89,55.98
j.rndn,3,240,47.26572,300,47.06514,200,10x10,OPT,FALSE,equal,47.3,55.37
j.rndn,3,241,50.86286,300,49.04584,200,10x10,OPT,FALSE,equal,48.12,55.17
j.rndn,3,242,25.49848,300,24.72803,200,10x10,OPT,FALSE,equal,44.18,54.39
j.rndn,3,243,27.72574,300,26.81831,200,10x10,OPT,FALSE,equal,43.09,54.49
j.rndn,3,244,23.13315,300,22.61874,200,10x10,OPT,FALSE,equal,43.05,54.67
j.rndn,3,245,15.06207,300,15.29291,200,10x10,OPT,FALSE,equal,40.36,57.09
j.rndn,3,246,35.44343,300,36.03271,200,10x10,OPT,FALSE,equal,48.28,54.37
j.rndn,3,247,39.03113,300,37.66652,200,10x10,OPT,FALSE,equal,44.53,53.89
j.rndn,3,248,50.37498,300,50.67318,200,10x10,OPT,FALSE,equal,48.46,54.84
j.rndn,3,249,25.214,300,24.58827,200,10x10,OPT,FALSE,equal,43.42,54.73
j.rndn,3,25,37.73224,300,37.71839,200,10x10,OPT,FALSE,equal,41.49,54.89
j.rndn,3,250,27.49826,300,26.76576,200,10x10,OPT,FALSE,equal,42.96,54.36
j.rndn,3,251,23.17215,300,22.95327,200,10x10,OPT,FALSE,equal,43.09,54.63
j.rndn,3,252,15.04348,300,15.22999,200,10x10,OPT,FALSE,equal,40.1,57.22
j.rndn,3,253,41.85802,300,42.00942,200,10x10,OPT,FALSE,equal,47.62,55.23
j.rndn,3,254,37.51332,300,37.3389,200,10x10,OPT,FALSE,equal,43.37,54.63
j.rndn,3,255,46.44982,300,44.97951,200,10x10,OPT,FALSE,equal,47.88,55.83
j.rndn,3,256,28.13286,300,27.18147,200,10x10,OPT,FALSE,equal,43.17,54.31
j.rndn,3,257,26.03065,300,25.41567,200,10x10,OPT,FALSE,equal,43.57,55.37
j.rndn,3,258,25.69903,300,24.36441,200,10x10,OPT,FALSE,equal,44.52,55.44
j.rndn,3,259,25.0675,300,24.37829,200,10x10,OPT,FALSE,equal,44.38,55.38
j.rndn,3,26,37.4407,300,37.23303,200,10x10,OPT,FALSE,equal,41.42,54.74
j.rndn,3,260,15.27628,300,15.06276,200,10x10,OPT,FALSE,equal,40.42,57.57
j.rndn,3,261,43.46619,300,40.71927,200,10x10,OPT,FALSE,equal,48.69,56.39
j.rndn,3,262,37.32029,300,35.56784,200,10x10,OPT,FALSE,equal,43.47,55.21
j.rndn,3,263,45.80661,300,43.57718,200,10x10,OPT,FALSE,equal,47.64,56.4
j.rndn,3,264,25.13349,300,24.1921,200,10x10,OPT,FALSE,equal,43.53,55.29
j.rndn,3,265,24.75854,300,24.23531,200,10x10,OPT,FALSE,equal,43.52,55.33
j.rndn,3,266,25.06485,300,24.96091,200,10x10,OPT,FALSE,equal,44.04,55.36
j.rndn,3,267,28.49546,300,29.38248,200,10x10,OPT,FALSE,equal,48.29,56.06
j.rndn,3,268,28.13551,300,28.17234,200,10x10,OPT,FALSE,equal,48.31,55.88
j.rndn,3,269,13.88133,300,13.03948,200,10x10,OPT,FALSE,equal,41.19,57.85
j.rndn,3,27,51.81046,300,51.59095,200,10x10,OPT,FALSE,equal,48.78,54.7
j.rndn,3,270,47.6704,300,48.1864,200,10x10,OPT,FALSE,equal,51.18,57.17
j.rndn,3,271,35.8233,300,35.63457,200,10x10,OPT,FALSE,equal,44.56,55.76
j.rndn,3,272,44.03185,300,42.71092,200,10x10,OPT,FALSE,equal,47.71,56.81
j.rndn,3,273,24.61246,300,24.7255,200,10x10,OPT,FALSE,equal,44.14,55.39
j.rndn,3,274,31.38571,300,32.90539,200,10x10,OPT,FALSE,equal,49.29,56.49
j.rndn,3,275,29.24584,300,28.88717,200,10x10,OPT,FALSE,equal,48.87,56.26
j.rndn,3,276,27.43196,300,27.09561,200,10x10,OPT,FALSE,equal,46.13,54.29
j.rndn,3,277,29.07487,300,28.80979,200,10x10,OPT,FALSE,equal,44.43,54.21
j.rndn,3,278,25.10109,300,23.94994,200,10x10,OPT,FALSE,equal,44.58,54.59
j.rndn,3,279,23.97301,300,22.82703,200,10x10,OPT,FALSE,equal,40.58,55.57
j.rndn,3,28,49.96221,300,50.17779,200,10x10,OPT,FALSE,equal,48.53,54.37
j.rndn,3,280,35.27932,300,35.37661,200,10x10,OPT,FALSE,equal,48.46,54.3
j.rndn,3,281,42.60692,300,40.85813,200,10x10,OPT,FALSE,equal,46.84,53.75
j.rndn,3,282,50.92844,300,50.71618,200,10x10,OPT,FALSE,equal,49.82,55.21
j.rndn,3,283,26.07861,300,26.14704,200,10x10,OPT,FALSE,equal,45.94,53.93
j.rndn,3,284,29.74902,300,28.4202,200,10x10,OPT,FALSE,equal,45.18,54.53
j.rndn,3,285,25.54937,300,24.45861,200,10x10,OPT,FALSE,equal,45.79,55.56
j.rndn,3,286,29.9266,300,30.30074,200,10x10,OPT,FALSE,equal,47.4,56.36
j.rndn,3,287,27.74068,300,28.29561,200,10x10,OPT,FALSE,equal,46.11,54.57
j.rndn,3,288,27.74068,300,28.29561,200,10x10,OPT,FALSE,equal,46.11,54.57
j.rndn,3,289,27.90355,300,28.17585,200,10x10,OPT,FALSE,equal,46.14,54.59
j.rndn,3,29,51.81046,300,51.59095,200,10x10,OPT,FALSE,equal,48.78,54.7
j.rndn,3,290,23.25752,300,23.11703,200,10x10,OPT,FALSE,equal,40.02,54.92
j.rndn,3,291,23.89831,300,22.9693,200,10x10,OPT,FALSE,equal,40.09,54.58
j.rndn,3,292,23.30602,300,22.92411,200,10x10,OPT,FALSE,equal,40.15,54.72
j.rndn,3,293,41.44009,300,41.27081,200,10x10,OPT,FALSE,equal,45.32,50.73
j.rndn,3,294,50.27894,300,50.04448,200,10x10,OPT,FALSE,equal,48.31,54.44
j.rndn,3,295,51.10465,300,49.89288,200,10x10,OPT,FALSE,equal,48.6,54.75
j.rndn,3,296,33.0818,300,31.77953,200,10x10,OPT,FALSE,equal,41.29,54.68
j.rndn,3,297,48.98519,300,48.38013,200,10x10,OPT,FALSE,equal,48.82,52
j.rndn,3,298,43.76986,300,41.73881,200,10x10,OPT,FALSE,equal,45.04,53.53
j.rndn,3,299,44.19328,300,41.3259,200,10x10,OPT,FALSE,equal,45.18,53.54
j.rndn,3,3,23.06642,300,22.31876,200,10x10,OPT,FALSE,equal,39.84,55.33
j.rndn,3,30,37.5854,300,37.67622,200,10x10,OPT,FALSE,equal,41.52,54.87
j.rndn,3,300,22.11541,300,22.1764,200,10x10,OPT,FALSE,equal,40.89,55.5
j.rndn,3,301,48.63454,300,48.81551,200,10x10,OPT,FALSE,equal,47.67,51.62
j.rndn,3,302,57.76912,300,56.25229,200,10x10,OPT,FALSE,equal,50.7,52.92
j.rndn,3,303,50.52192,300,49.96873,200,10x10,OPT,FALSE,equal,48.29,54.43
j.rndn,3,304,51.15598,300,49.02799,200,10x10,OPT,FALSE,equal,48.43,54.79
j.rndn,3,305,34.3906,300,34.84285,200,10x10,OPT,FALSE,equal,41.67,55.41
j.rndn,3,306,50.27894,300,50.04448,200,10x10,OPT,FALSE,equal,48.31,54.44
j.rndn,3,307,54.1701,300,53.8614,200,10x10,OPT,FALSE,equal,50.41,52.59
j.rndn,3,308,39.68934,300,40.6882,200,10x10,OPT,FALSE,equal,46.24,50.65
j.rndn,3,309,29.76011,300,28.59191,200,10x10,OPT,FALSE,equal,46,54.25
j.rndn,3,31,56.96948,300,56.36621,200,10x10,OPT,FALSE,equal,53.3,52.49
j.rndn,3,310,26.15229,300,26.40677,200,10x10,OPT,FALSE,equal,46.22,54.56
j.rndn,3,311,24.03819,300,23.04641,200,10x10,OPT,FALSE,equal,40.2,54.53
j.rndn,3,312,27.69497,300,28.20852,200,10x10,OPT,FALSE,equal,43.4,51.51
j.rndn,3,313,47.98358,300,47.09198,200,10x10,OPT,FALSE,equal,48.39,51.6
j.rndn,3,314,55.73202,300,54.43443,200,10x10,OPT,FALSE,equal,50.6,53.16
j.rndn,3,315,46.40224,300,47.15809,200,10x10,OPT,FALSE,equal,52.3,51.76
j.rndn,3,316,28.15856,300,28.45125,200,10x10,OPT,FALSE,equal,44.61,54.33
j.rndn,3,317,27.40057,300,25.83867,200,10x10,OPT,FALSE,equal,44.81,54.72
j.rndn,3,318,23.99198,300,23.34165,200,10x10,OPT,FALSE,equal,40.19,55.17
j.rndn,3,319,45.64395,300,43.48692,200,10x10,OPT,FALSE,equal,51.79,49.4
j.rndn,3,32,50.49844,300,49.98189,200,10x10,OPT,FALSE,equal,47.43,53.86
j.rndn,3,320,45.15651,300,43.53755,200,10x10,OPT,FALSE,equal,51.01,52.75
j.rndn,3,321,50.87593,300,48.99639,200,10x10,OPT,FALSE,equal,53.47,53.99
j.rndn,3,322,45.61188,300,44.17759,200,10x10,OPT,FALSE,equal,52.26,50.31
j.rndn,3,323,26.33803,300,26.30472,200,10x10,OPT,FALSE,equal,46.45,54.93
j.rndn,3,324,26.1084,300,26.39865,200,10x10,OPT,FALSE,equal,47.3,54.92
j.rndn,3,325,26.25296,300,26.06659,200,10x10,OPT,FALSE,equal,47.31,54.97
j.rndn,3,326,15.78298,300,14.99614,200,10x10,OPT,FALSE,equal,41.19,56.94
j.rndn,3,327,40.98195,300,40.16282,200,10x10,OPT,FALSE,equal,49.24,55.44
j.rndn,3,328,37.30466,300,36.92264,200,10x10,OPT,FALSE,equal,45.36,54.78
j.rndn,3,329,42.71378,300,41.50486,200,10x10,OPT,FALSE,equal,47.88,55.24
j.rndn,3,33,49.46827,300,49.77949,200,10x10,OPT,FALSE,equal,47.43,53.99
j.rndn,3,330,26.33803,300,26.30472,200,10x10,OPT,FALSE,equal,46.35,54.78
j.rndn,3,331,26.23061,300,25.44987,200,10x10,OPT,FALSE,equal,45.96,55.76
j.rndn,3,332,25.16288,300,23.96474,200,10x10,OPT,FALSE,equal,48.68,55.27
j.rndn,3,333,26.93812,300,26.22651,200,10x10,OPT,FALSE,equal,51.07,55.91
j.rndn,3,334,25.64956,300,24.88112,200,10x10,OPT,FALSE,equal,51.18,55.8
j.rndn,3,335,15.10197,300,14.91901,200,10x10,OPT,FALSE,equal,42.33,57.59
j.rndn,3,336,44.89821,300,42.22002,200,10x10,OPT,FALSE,equal,52.03,56.4
j.rndn,3,337,35.95117,300,35.22204,200,10x10,OPT,FALSE,equal,48.17,55.68
j.rndn,3,338,40.57332,300,39.82515,200,10x10,OPT,FALSE,equal,49.56,56.1
j.rndn,3,339,27.29601,300,26.37305,200,10x10,OPT,FALSE,equal,48.3,55.52
j.rndn,3,34,34.32213,300,33.2717,200,10x10,OPT,FALSE,equal,42.26,56.45
j.rndn,3,340,34.213,300,34.62676,200,10x10,OPT,FALSE,equal,49.04,56.71
j.rndn,3,341,25.05069,300,25.55642,200,10x10,OPT,FALSE,equal,51.67,55.97
j.rndn,3,342,40.21213,300,39.98877,200,10x10,OPT,FALSE,equal,46.04,50.63
j.rndn,3,343,29.7769,300,28.67991,200,10x10,OPT,FALSE,equal,46.14,54.27
j.rndn,3,344,26.35542,300,26.50729,200,10x10,OPT,FALSE,equal,46.21,54.55
j.rndn,3,345,23.98249,300,23.18316,200,10x10,OPT,FALSE,equal,40.05,54.69
j.rndn,3,346,54.43807,300,54.8317,200,10x10,OPT,FALSE,equal,40.86,51.17
j.rndn,3,347,47.64609,300,47.60213,200,10x10,OPT,FALSE,equal,48.35,51.65
j.rndn,3,348,55.36992,300,55.02102,200,10x10,OPT,FALSE,equal,50.61,53.17
j.rndn,3,349,27.64195,300,27.68101,200,10x10,OPT,FALSE,equal,44.4,51.55
j.rndn,3,35,50.50357,300,49.98189,200,10x10,OPT,FALSE,equal,47.43,53.87
j.rndn,3,350,45.72922,300,43.33128,200,10x10,OPT,FALSE,equal,52.87,50.33
j.rndn,3,351,26.33803,300,26.30472,200,10x10,OPT,FALSE,equal,46.43,54.9
j.rndn,3,352,26.90109,300,27.10106,200,10x10,OPT,FALSE,equal,48.28,55.59
j.rndn,3,353,27.43196,300,27.09561,200,10x10,OPT,FALSE,equal,46.13,54.29
j.rndn,3,354,29.07487,300,28.80979,200,10x10,OPT,FALSE,equal,44.43,54.21
j.rndn,3,355,25.10109,300,23.94994,200,10x10,OPT,FALSE,equal,44.58,54.59
j.rndn,3,356,23.97301,300,22.82703,200,10x10,OPT,FALSE,equal,40.58,55.57
j.rndn,3,357,35.27932,300,35.37661,200,10x10,OPT,FALSE,equal,48.46,54.3
j.rndn,3,358,42.60692,300,40.85813,200,10x10,OPT,FALSE,equal,46.84,53.75
j.rndn,3,359,50.92844,300,50.71618,200,10x10,OPT,FALSE,equal,49.82,55.21
j.rndn,3,36,27.44039,300,28.4232,200,10x10,OPT,FALSE,equal,44.69,54.36
j.rndn,3,360,26.07861,300,26.14704,200,10x10,OPT,FALSE,equal,45.94,53.93
j.rndn,3,361,29.74902,300,28.4202,200,10x10,OPT,FALSE,equal,45.18,54.53
j.rndn,3,362,25.54937,300,24.45861,200,10x10,OPT,FALSE,equal,45.79,55.56
j.rndn,3,363,29.9266,300,30.30074,200,10x10,OPT,FALSE,equal,47.4,56.36
j.rndn,3,364,26.48923,300,28.15983,200,10x10,OPT,FALSE,equal,45.68,53.9
j.rndn,3,365,24.62668,300,24.28549,200,10x10,OPT,FALSE,equal,43.36,54.82
j.rndn,3,366,24.62668,300,24.28549,200,10x10,OPT,FALSE,equal,43.36,54.82
j.rndn,3,367,24.62668,300,24.28549,200,10x10,OPT,FALSE,equal,43.36,54.82
j.rndn,3,368,21.15137,300,21.26109,200,10x10,OPT,FALSE,equal,40.09,56.44
j.rndn,3,369,24.95489,300,23.88002,200,10x10,OPT,FALSE,equal,39.79,55.69
j.rndn,3,37,27.44836,300,28.4232,200,10x10,OPT,FALSE,equal,44.69,54.34
j.rndn,3,370,18.93509,300,18.10436,200,10x10,OPT,FALSE,equal,39.83,55.62
j.rndn,3,371,49.499,300,47.00863,200,10x10,OPT,FALSE,equal,50.82,52.38
j.rndn,3,372,49.64614,300,48.98459,200,10x10,OPT,FALSE,equal,48.61,55.48
j.rndn,3,373,50.5956,300,49.45524,200,10x10,OPT,FALSE,equal,48.67,55.72
j.rndn,3,374,34.3088,300,33.43554,200,10x10,OPT,FALSE,equal,41.46,54.75
j.rndn,3,375,45.07588,300,44.93153,200,10x10,OPT,FALSE,equal,49.5,53.05
j.rndn,3,376,41.02186,300,39.87116,200,10x10,OPT,FALSE,equal,43.85,54.19
j.rndn,3,377,41.73769,300,39.98219,200,10x10,OPT,FALSE,equal,43.92,54.28
j.rndn,3,378,19.20093,300,19.3478,200,10x10,OPT,FALSE,equal,40.45,56.21
j.rndn,3,379,44.23956,300,43.86447,200,10x10,OPT,FALSE,equal,49.83,52.87
j.rndn,3,38,27.25119,300,27.87935,200,10x10,OPT,FALSE,equal,44.75,54.4
j.rndn,3,380,58.84237,300,57.06093,200,10x10,OPT,FALSE,equal,55.01,53.54
j.rndn,3,381,49.49123,300,49.02636,200,10x10,OPT,FALSE,equal,48.62,55.47
j.rndn,3,382,51.64254,300,49.26869,200,10x10,OPT,FALSE,equal,48.6,55.68
j.rndn,3,383,38.5948,300,37.92738,200,10x10,OPT,FALSE,equal,42.36,56.4
j.rndn,3,384,49.59171,300,49.02636,200,10x10,OPT,FALSE,equal,48.61,55.48
j.rndn,3,385,55.02193,300,54.47539,200,10x10,OPT,FALSE,equal,53.9,53.67
j.rndn,3,386,46.92419,300,45.99125,200,10x10,OPT,FALSE,equal,49.56,52.61
j.rndn,3,387,26.33925,300,25.88626,200,10x10,OPT,FALSE,equal,43.13,54.5
j.rndn,3,388,23.37197,300,23.4699,200,10x10,OPT,FALSE,equal,43.25,54.75
j.rndn,3,389,19.07064,300,18.08943,200,10x10,OPT,FALSE,equal,40.15,56.37
j.rndn,3,39,21.13087,300,21.16634,200,10x10,OPT,FALSE,equal,40.14,55.69
j.rndn,3,390,47.01981,300,47.42778,200,10x10,OPT,FALSE,equal,51.19,50.94
j.rndn,3,391,44.63947,300,44.13814,200,10x10,OPT,FALSE,equal,49.35,52.85
j.rndn,3,392,55.50649,300,55.21685,200,10x10,OPT,FALSE,equal,55.13,52.9
j.rndn,3,393,46.49325,300,46.5679,200,10x10,OPT,FALSE,equal,49.65,52.62
j.rndn,3,394,26.5739,300,25.17577,200,10x10,OPT,FALSE,equal,43.08,54.5
j.rndn,3,395,23.57048,300,22.88841,200,10x10,OPT,FALSE,equal,43.24,54.82
j.rndn,3,396,19.02059,300,18.11645,200,10x10,OPT,FALSE,equal,39.96,56.34
j.rndn,3,397,47.42568,300,48.78392,200,10x10,OPT,FALSE,equal,51.21,50.88
j.rndn,3,398,44.38214,300,43.90103,200,10x10,OPT,FALSE,equal,49.34,52.79
j.rndn,3,399,56.3537,300,56.34392,200,10x10,OPT,FALSE,equal,55.14,52.94
j.rndn,3,4,23.10735,300,22.4026,200,10x10,OPT,FALSE,equal,39.83,55.32
j.rndn,3,40,24.97912,300,24.05879,200,10x10,OPT,FALSE,equal,39.81,54.65
j.rndn,3,400,45.83157,300,46.82511,200,10x10,OPT,FALSE,equal,49.32,52.2
j.rndn,3,401,25.69457,300,25.05702,200,10x10,OPT,FALSE,equal,43.56,55.52
j.rndn,3,402,25.54705,300,25.51662,200,10x10,OPT,FALSE,equal,44.47,55.5
j.rndn,3,403,25.83403,300,25.09762,200,10x10,OPT,FALSE,equal,44.51,55.56
j.rndn,3,404,15.34009,300,14.8577,200,10x10,OPT,FALSE,equal,40.41,57.55
j.rndn,3,405,44.31884,300,42.44545,200,10x10,OPT,FALSE,equal,48.55,56.4
j.rndn,3,406,36.64218,300,36.20191,200,10x10,OPT,FALSE,equal,43.72,55.27
j.rndn,3,407,45.90732,300,43.85568,200,10x10,OPT,FALSE,equal,47.34,56.53
j.rndn,3,408,25.70262,300,25.20979,200,10x10,OPT,FALSE,equal,43.59,55.51
j.rndn,3,409,25.69457,300,25.05702,200,10x10,OPT,FALSE,equal,43.58,55.53
j.rndn,3,41,25.57372,300,24.78578,200,10x10,OPT,FALSE,equal,39.79,54.61
j.rndn,3,410,27.21606,300,27.97104,200,10x10,OPT,FALSE,equal,45.42,55.81
j.rndn,3,411,32.38205,300,32.65827,200,10x10,OPT,FALSE,equal,48.63,56.3
j.rndn,3,412,32.59137,300,32.64334,200,10x10,OPT,FALSE,equal,48.7,56.23
j.rndn,3,413,15.00612,300,14.93653,200,10x10,OPT,FALSE,equal,41.45,58
j.rndn,3,414,48.14311,300,47.56745,200,10x10,OPT,FALSE,equal,52.03,57.32
j.rndn,3,415,37.00695,300,36.45318,200,10x10,OPT,FALSE,equal,45.67,56.04
j.rndn,3,416,47.5024,300,48.58666,200,10x10,OPT,FALSE,equal,48.6,57.08
j.rndn,3,417,31.08957,300,30.77552,200,10x10,OPT,FALSE,equal,45.34,55.89
j.rndn,3,418,30.94886,300,30.54439,200,10x10,OPT,FALSE,equal,45.35,55.89
j.rndn,3,419,30.14881,300,29.71837,200,10x10,OPT,FALSE,equal,48.94,56.39
j.rndn,3,42,39.41277,300,38.68738,200,10x10,OPT,FALSE,equal,46.15,50.53
j.rndn,3,420,46.58381,300,47.47866,200,10x10,OPT,FALSE,equal,52.18,51.72
j.rndn,3,421,27.82371,300,28.11732,200,10x10,OPT,FALSE,equal,44.83,54.48
j.rndn,3,422,27.31031,300,26.36884,200,10x10,OPT,FALSE,equal,44.99,54.85
j.rndn,3,423,23.87236,300,23.18933,200,10x10,OPT,FALSE,equal,40.15,55.09
j.rndn,3,424,46.78893,300,47.49063,200,10x10,OPT,FALSE,equal,51.77,50.15
j.rndn,3,425,44.61572,300,44.97621,200,10x10,OPT,FALSE,equal,50.93,52.74
j.rndn,3,426,52.36494,300,52.85507,200,10x10,OPT,FALSE,equal,53.97,53.98
j.rndn,3,427,46.20889,300,46.37873,200,10x10,OPT,FALSE,equal,52.09,50.54
j.rndn,3,428,46.89229,300,46.77629,200,10x10,OPT,FALSE,equal,52.27,50.35
j.rndn,3,429,26.33394,300,25.58985,200,10x10,OPT,FALSE,equal,46.01,55.8
j.rndn,3,43,50.32443,300,49.89165,200,10x10,OPT,FALSE,equal,48.63,54.58
j.rndn,3,430,34.33003,300,34.66668,200,10x10,OPT,FALSE,equal,48.99,56.73
j.rndn,3,431,26.2789,300,25.83641,200,10x10,OPT,FALSE,equal,43.36,54.72
j.rndn,3,432,28.97248,300,28.1306,200,10x10,OPT,FALSE,equal,43.23,54.56
j.rndn,3,433,28.92156,300,28.06293,200,10x10,OPT,FALSE,equal,43.15,54.66
j.rndn,3,434,15.0704,300,15.18727,200,10x10,OPT,FALSE,equal,40.16,57.35
j.rndn,3,435,41.10896,300,40.90398,200,10x10,OPT,FALSE,equal,48.02,55.16
j.rndn,3,436,37.69013,300,36.76509,200,10x10,OPT,FALSE,equal,43.44,54.51
j.rndn,3,437,45.84185,300,45.29087,200,10x10,OPT,FALSE,equal,47.6,55.65
j.rndn,3,438,28.75967,300,27.98703,200,10x10,OPT,FALSE,equal,43.27,54.59
j.rndn,3,439,29.03122,300,28.09832,200,10x10,OPT,FALSE,equal,43.21,54.57
j.rndn,3,44,51.21008,300,49.37225,200,10x10,OPT,FALSE,equal,48.76,54.91
j.rndn,3,440,25.50751,300,25.95209,200,10x10,OPT,FALSE,equal,43.75,55.47
j.rndn,3,441,31.20214,300,33.04521,200,10x10,OPT,FALSE,equal,48.48,56.41
j.rndn,3,442,29.36643,300,28.40258,200,10x10,OPT,FALSE,equal,45.57,54.69
j.rndn,3,443,46.58381,300,47.47866,200,10x10,OPT,FALSE,equal,52.18,51.72
j.rndn,3,444,27.82371,300,28.11732,200,10x10,OPT,FALSE,equal,44.83,54.48
j.rndn,3,445,27.31031,300,26.36884,200,10x10,OPT,FALSE,equal,44.99,54.85
j.rndn,3,446,23.87236,300,23.18933,200,10x10,OPT,FALSE,equal,40.15,55.09
j.rndn,3,447,46.78893,300,47.49063,200,10x10,OPT,FALSE,equal,51.77,50.15
j.rndn,3,448,44.61572,300,44.97621,200,10x10,OPT,FALSE,equal,50.93,52.74
j.rndn,3,449,52.36494,300,52.85507,200,10x10,OPT,FALSE,equal,53.97,53.98
j.rndn,3,45,33.14394,300,31.26401,200,10x10,OPT,FALSE,equal,41.61,54.58
j.rndn,3,450,46.20889,300,46.37873,200,10x10,OPT,FALSE,equal,52.09,50.54
j.rndn,3,451,46.89229,300,46.77629,200,10x10,OPT,FALSE,equal,52.27,50.35
j.rndn,3,452,26.33394,300,25.58985,200,10x10,OPT,FALSE,equal,46.01,55.8
j.rndn,3,453,34.33003,300,34.66668,200,10x10,OPT,FALSE,equal,48.99,56.73
j.rndn,3,454,46.77936,300,47.04104,200,10x10,OPT,FALSE,equal,52.22,50.34
j.rndn,3,455,29.36643,300,28.40258,200,10x10,OPT,FALSE,equal,45.57,54.69
j.rndn,3,456,22.31368,300,21.96176,200,10x10,OPT,FALSE,equal,39.83,55.66
j.rndn,3,457,22.32353,300,21.96176,200,10x10,OPT,FALSE,equal,39.83,55.66
j.rndn,3,458,22.31368,300,21.96176,200,10x10,OPT,FALSE,equal,39.83,55.66
j.rndn,3,459,20.79261,300,20.55706,200,10x10,OPT,FALSE,equal,39.89,56.03
j.rndn,3,46,49.85405,300,49.68475,200,10x10,OPT,FALSE,equal,50.31,51.94
j.rndn,3,460,21.62284,300,21.6221,200,10x10,OPT,FALSE,equal,39.62,55.46
j.rndn,3,461,21.17911,300,21.24464,200,10x10,OPT,FALSE,equal,39.62,55.51
j.rndn,3,462,33.69427,300,32.52727,200,10x10,OPT,FALSE,equal,41.57,55.02
j.rndn,3,463,37.58314,300,36.53471,200,10x10,OPT,FALSE,equal,41.89,55.66
j.rndn,3,464,36.64768,300,37.29504,200,10x10,OPT,FALSE,equal,41.93,55.81
j.rndn,3,465,33.13549,300,31.88747,200,10x10,OPT,FALSE,equal,41.6,54.91
j.rndn,3,466,21.06592,300,21.04267,200,10x10,OPT,FALSE,equal,40.78,56.26
j.rndn,3,467,20.24592,300,20.10736,200,10x10,OPT,FALSE,equal,40.67,55.82
j.rndn,3,468,19.96622,300,19.81445,200,10x10,OPT,FALSE,equal,40.65,55.84
j.rndn,3,469,19.40104,300,19.40791,200,10x10,OPT,FALSE,equal,40.58,55.95
j.rndn,3,47,43.24659,300,41.84969,200,10x10,OPT,FALSE,equal,44.33,53.36
j.rndn,3,470,31.08082,300,32.57685,200,10x10,OPT,FALSE,equal,42.62,55.3
j.rndn,3,471,34.41264,300,34.35032,200,10x10,OPT,FALSE,equal,42.22,56.43
j.rndn,3,472,37.46439,300,36.5398,200,10x10,OPT,FALSE,equal,41.88,55.66
j.rndn,3,473,36.92654,300,35.56683,200,10x10,OPT,FALSE,equal,41.88,55.67
j.rndn,3,474,34.46502,300,34.2338,200,10x10,OPT,FALSE,equal,41.96,56.21
j.rndn,3,475,37.51665,300,36.4919,200,10x10,OPT,FALSE,equal,41.88,55.66
j.rndn,3,476,34.93377,300,33.81892,200,10x10,OPT,FALSE,equal,42.4,56.44
j.rndn,3,477,20.79319,300,20.54257,200,10x10,OPT,FALSE,equal,39.92,55.97
j.rndn,3,478,21.62284,300,21.6221,200,10x10,OPT,FALSE,equal,39.63,55.45
j.rndn,3,479,21.17911,300,21.24464,200,10x10,OPT,FALSE,equal,39.62,55.51
j.rndn,3,48,42.70569,300,41.57598,200,10x10,OPT,FALSE,equal,44.46,53.53
j.rndn,3,480,19.66463,300,19.59873,200,10x10,OPT,FALSE,equal,39.8,55.79
j.rndn,3,481,32.68226,300,32.13875,200,10x10,OPT,FALSE,equal,41.66,54.91
j.rndn,3,482,19.43738,300,19.41499,200,10x10,OPT,FALSE,equal,40.62,55.93
j.rndn,3,483,34.46502,300,34.17121,200,10x10,OPT,FALSE,equal,41.97,56.19
j.rndn,3,484,20.75922,300,20.64353,200,10x10,OPT,FALSE,equal,39.97,56.55
j.rndn,3,485,20.74889,300,20.86452,200,10x10,OPT,FALSE,equal,39.73,56.38
j.rndn,3,486,19.67592,300,19.60648,200,10x10,OPT,FALSE,equal,39.7,56.44
j.rndn,3,487,19.67941,300,19.60978,200,10x10,OPT,FALSE,equal,39.75,56.57
j.rndn,3,488,33.47532,300,33.19286,200,10x10,OPT,FALSE,equal,42.06,55.1
j.rndn,3,489,19.35216,300,19.35669,200,10x10,OPT,FALSE,equal,40.66,56.19
j.rndn,3,49,19.14161,300,19.11445,200,10x10,OPT,FALSE,equal,40.24,55.79
j.rndn,3,490,38.28198,300,37.77754,200,10x10,OPT,FALSE,equal,42.37,56.45
j.rndn,3,491,19.69466,300,19.60917,200,10x10,OPT,FALSE,equal,39.78,56.51
j.rndn,3,492,15.45902,300,15.45862,200,10x10,OPT,FALSE,equal,40.08,57.03
j.rndn,3,493,15.40813,300,15.58754,200,10x10,OPT,FALSE,equal,40.86,56.9
j.rndn,3,494,15.62315,300,15.71314,200,10x10,OPT,FALSE,equal,40.83,56.84
j.rndn,3,495,15.26888,300,15.29445,200,10x10,OPT,FALSE,equal,40.03,56.89
j.rndn,3,496,29.73929,300,29.93638,200,10x10,OPT,FALSE,equal,42.64,57.21
j.rndn,3,497,15.40787,300,15.66313,200,10x10,OPT,FALSE,equal,40.61,56.96
j.rndn,3,498,30.51594,300,31.42105,200,10x10,OPT,FALSE,equal,42.25,57.21
j.rndn,3,499,15.1852,300,15.41013,200,10x10,OPT,FALSE,equal,40.05,56.94
j.rndn,3,5,51.81046,300,51.59095,200,10x10,OPT,FALSE,equal,48.78,54.7
j.rndn,3,50,49.04658,300,46.9886,200,10x10,OPT,FALSE,equal,48,51.6
j.rndn,3,500,15.05565,300,15.21575,200,10x10,OPT,FALSE,equal,40.16,57.56
j.rndn,3,501,13.50244,300,13.63001,200,10x10,OPT,FALSE,equal,41.15,57.8
j.rndn,3,502,17.46126,300,17.16803,200,10x10,OPT,FALSE,equal,44.12,58
j.rndn,3,503,17.2598,300,16.88978,200,10x10,OPT,FALSE,equal,44.16,57.97
j.rndn,3,504,13.52182,300,13.67016,200,10x10,OPT,FALSE,equal,41.15,57.81
j.rndn,3,505,40.23025,300,38.38048,200,10x10,OPT,FALSE,equal,45.4,58.33
j.rndn,3,506,14.98464,300,14.41646,200,10x10,OPT,FALSE,equal,41.68,57.82
j.rndn,3,507,28.71667,300,29.03261,200,10x10,OPT,FALSE,equal,43.27,58.31
j.rndn,3,508,13.43863,300,13.69033,200,10x10,OPT,FALSE,equal,41.11,57.79
j.rndn,3,509,14.97697,300,14.63972,200,10x10,OPT,FALSE,equal,41.32,58.21
j.rndn,3,51,61.13284,300,61.28892,200,10x10,OPT,FALSE,equal,54.99,51.32
j.rndn,3,510,14.41868,300,14.40004,200,10x10,OPT,FALSE,equal,44.74,58.16
j.rndn,3,511,23.71491,300,23.26791,200,10x10,OPT,FALSE,equal,40.13,55.15
j.rndn,3,512,23.45831,300,24.05978,200,10x10,OPT,FALSE,equal,40.2,54.95
j.rndn,3,513,23.33172,300,23.36704,200,10x10,OPT,FALSE,equal,40.16,54.97
j.rndn,3,514,23.38743,300,24.00039,200,10x10,OPT,FALSE,equal,40.16,54.93
j.rndn,3,515,32.06297,300,31.15016,200,10x10,OPT,FALSE,equal,41.6,54.87
j.rndn,3,516,22.27335,300,22.07485,200,10x10,OPT,FALSE,equal,41.13,55.57
j.rndn,3,517,34.68282,300,33.52903,200,10x10,OPT,FALSE,equal,41.96,56.1
j.rndn,3,518,23.39421,300,24.00545,200,10x10,OPT,FALSE,equal,40.17,54.92
j.rndn,3,519,24.04868,300,23.61177,200,10x10,OPT,FALSE,equal,40.27,55.45
j.rndn,3,52,50.32443,300,49.89165,200,10x10,OPT,FALSE,equal,48.63,54.58
j.rndn,3,520,15.69883,300,15.9463,200,10x10,OPT,FALSE,equal,40.8,56.79
j.rndn,3,521,14.36267,300,14.75326,200,10x10,OPT,FALSE,equal,42.32,57.78
j.rndn,3,522,16.5411,300,16.49137,200,10x10,OPT,FALSE,equal,39.92,57.31
j.rndn,3,523,17.45102,300,17.47704,200,10x10,OPT,FALSE,equal,39.96,56.8
j.rndn,3,524,17.1518,300,17.36191,200,10x10,OPT,FALSE,equal,39.93,56.79
j.rndn,3,525,16.00737,300,16.35627,200,10x10,OPT,FALSE,equal,39.94,57.11
j.rndn,3,526,35.39247,300,35.21739,200,10x10,OPT,FALSE,equal,41.81,55.61
j.rndn,3,527,17.00034,300,17.28635,200,10x10,OPT,FALSE,equal,40.6,56.79
j.rndn,3,528,35.43557,300,35.22759,200,10x10,OPT,FALSE,equal,42.58,57.35
j.rndn,3,529,16.04959,300,16.36738,200,10x10,OPT,FALSE,equal,39.95,57.08
j.rndn,3,53,51.31389,300,48.86528,200,10x10,OPT,FALSE,equal,48.74,54.89
j.rndn,3,530,16.03374,300,16.35627,200,10x10,OPT,FALSE,equal,39.94,57.11
j.rndn,3,531,15.00937,300,15.13877,200,10x10,OPT,FALSE,equal,40.13,57.55
j.rndn,3,532,13.63632,300,13.74299,200,10x10,OPT,FALSE,equal,41.04,58.03
j.rndn,3,533,22.30068,300,21.76128,200,10x10,OPT,FALSE,equal,40.44,55.97
j.rndn,3,534,23.71491,300,23.26791,200,10x10,OPT,FALSE,equal,40.13,55.15
j.rndn,3,535,23.45831,300,24.05978,200,10x10,OPT,FALSE,equal,40.2,54.95
j.rndn,3,536,23.33172,300,23.36704,200,10x10,OPT,FALSE,equal,40.16,54.97
j.rndn,3,537,23.38743,300,24.00039,200,10x10,OPT,FALSE,equal,40.16,54.93
j.rndn,3,538,32.06297,300,31.15016,200,10x10,OPT,FALSE,equal,41.6,54.87
j.rndn,3,539,22.27335,300,22.07485,200,10x10,OPT,FALSE,equal,41.13,55.57
j.rndn,3,54,33.66703,300,34.03903,200,10x10,OPT,FALSE,equal,41.84,55.75
j.rndn,3,540,34.68282,300,33.52903,200,10x10,OPT,FALSE,equal,41.96,56.1
j.rndn,3,541,23.39421,300,24.00545,200,10x10,OPT,FALSE,equal,40.17,54.92
j.rndn,3,542,24.04868,300,23.61177,200,10x10,OPT,FALSE,equal,40.27,55.45
j.rndn,3,543,15.69883,300,15.9463,200,10x10,OPT,FALSE,equal,40.8,56.79
j.rndn,3,544,14.36267,300,14.75326,200,10x10,OPT,FALSE,equal,42.32,57.78
j.rndn,3,545,23.37158,300,24.00039,200,10x10,OPT,FALSE,equal,40.16,54.93
j.rndn,3,546,22.30068,300,21.76128,200,10x10,OPT,FALSE,equal,40.44,55.97
j.rndn,3,547,20.77694,300,20.59012,200,10x10,OPT,FALSE,equal,39.93,56.77
j.rndn,3,548,20.88336,300,20.90612,200,10x10,OPT,FALSE,equal,39.76,56.41
j.rndn,3,549,20.29579,300,20.40987,200,10x10,OPT,FALSE,equal,39.74,56.48
j.rndn,3,55,50.32443,300,49.89165,200,10x10,OPT,FALSE,equal,48.63,54.58
j.rndn,3,550,19.67282,300,19.60384,200,10x10,OPT,FALSE,equal,39.74,56.64
j.rndn,3,551,34.00572,300,33.56289,200,10x10,OPT,FALSE,equal,41.98,55.12
j.rndn,3,552,19.38985,300,19.38144,200,10x10,OPT,FALSE,equal,40.69,56.35
j.rndn,3,553,37.65808,300,37.86248,200,10x10,OPT,FALSE,equal,42.36,56.6
j.rndn,3,554,19.70886,300,19.67906,200,10x10,OPT,FALSE,equal,39.78,56.49
j.rndn,3,555,19.67282,300,19.60384,200,10x10,OPT,FALSE,equal,39.74,56.64
j.rndn,3,556,14.98328,300,15.14465,200,10x10,OPT,FALSE,equal,40.27,57.57
j.rndn,3,557,15.12744,300,14.65265,200,10x10,OPT,FALSE,equal,41.32,58.24
j.rndn,3,558,24.29608,300,23.7635,200,10x10,OPT,FALSE,equal,40.24,55.49
j.rndn,3,559,15.46062,300,16.12482,200,10x10,OPT,FALSE,equal,39.92,57.2
j.rndn,3,56,56.45589,300,55.92043,200,10x10,OPT,FALSE,equal,53.64,52.15
j.rndn,3,560,24.29608,300,23.7635,200,10x10,OPT,FALSE,equal,40.24,55.49
j.rndn,3,57,25.38524,300,24.142,200,10x10,OPT,FALSE,equal,43.51,54.74
j.rndn,3,58,25.38524,300,24.142,200,10x10,OPT,FALSE,equal,43.51,54.74
j.rndn,3,59,25.38524,300,24.142,200,10x10,OPT,FALSE,equal,43.51,54.74
j.rndn,3,6,51.81046,300,51.59095,200,10x10,OPT,FALSE,equal,48.78,54.7
j.rndn,3,60,21.18199,300,21.19721,200,10x10,OPT,FALSE,equal,40.05,56.49
j.rndn,3,61,24.8638,300,23.87714,200,10x10,OPT,FALSE,equal,39.74,55.69
j.rndn,3,62,18.95364,300,18.08112,200,10x10,OPT,FALSE,equal,39.66,55.48
j.rndn,3,63,48.01063,300,46.68236,200,10x10,OPT,FALSE,equal,50.95,52.5
j.rndn,3,64,49.71857,300,49.02053,200,10x10,OPT,FALSE,equal,48.91,55.18
j.rndn,3,65,51.11806,300,49.01271,200,10x10,OPT,FALSE,equal,48.87,55.65
j.rndn,3,66,34.54369,300,32.7538,200,10x10,OPT,FALSE,equal,41.54,54.81
j.rndn,3,67,45.00758,300,44.87809,200,10x10,OPT,FALSE,equal,49.4,53.07
j.rndn,3,68,40.57199,300,39.5427,200,10x10,OPT,FALSE,equal,43.84,54.14
j.rndn,3,69,41.35434,300,39.34723,200,10x10,OPT,FALSE,equal,43.87,54.23
j.rndn,3,7,51.70003,300,49.77205,200,10x10,OPT,FALSE,equal,48.72,54.7
j.rndn,3,70,19.19434,300,19.15783,200,10x10,OPT,FALSE,equal,40.46,56.19
j.rndn,3,71,44.02739,300,43.14488,200,10x10,OPT,FALSE,equal,49.86,52.83
j.rndn,3,72,57.98549,300,57.27479,200,10x10,OPT,FALSE,equal,55.17,53.63
j.rndn,3,73,49.47305,300,48.7905,200,10x10,OPT,FALSE,equal,48.92,55.18
j.rndn,3,74,50.20529,300,49.25441,200,10x10,OPT,FALSE,equal,48.9,55.48
j.rndn,3,75,38.45699,300,37.31177,200,10x10,OPT,FALSE,equal,42.42,56.28
j.rndn,3,76,49.65302,300,49.02053,200,10x10,OPT,FALSE,equal,48.91,55.18
j.rndn,3,77,54.82395,300,53.75069,200,10x10,OPT,FALSE,equal,53.88,53.63
j.rndn,3,78,45.82239,300,45.70209,200,10x10,OPT,FALSE,equal,49.67,52.49
j.rndn,3,79,25.77567,300,25.54635,200,10x10,OPT,FALSE,equal,43.16,54.35
j.rndn,3,8,34.25662,300,32.10756,200,10x10,OPT,FALSE,equal,41.44,54.84
j.rndn,3,80,24.00028,300,22.85314,200,10x10,OPT,FALSE,equal,43.26,54.68
j.rndn,3,81,18.96256,300,18.07435,200,10x10,OPT,FALSE,equal,40.15,56.35
j.rndn,3,82,46.87403,300,45.82099,200,10x10,OPT,FALSE,equal,51.47,50.83
j.rndn,3,83,43.81705,300,42.38959,200,10x10,OPT,FALSE,equal,49.25,52.8
j.rndn,3,84,54.49609,300,55.10843,200,10x10,OPT,FALSE,equal,55.3,53.06
j.rndn,3,85,26.36696,300,26.48533,200,10x10,OPT,FALSE,equal,45.99,54.53
j.rndn,3,86,26.25248,300,26.00866,200,10x10,OPT,FALSE,equal,46,54.51
j.rndn,3,87,26.25296,300,26.06659,200,10x10,OPT,FALSE,equal,46.02,54.51
j.rndn,3,88,15.43384,300,14.82566,200,10x10,OPT,FALSE,equal,40.3,56.85
j.rndn,3,89,15.82383,300,15.1481,200,10x10,OPT,FALSE,equal,41.18,56.86
j.rndn,3,9,37.62805,300,37.71769,200,10x10,OPT,FALSE,equal,41.49,54.89
j.rndn,3,90,15.61511,300,15.13049,200,10x10,OPT,FALSE,equal,41.15,56.81
j.rndn,3,91,40.56287,300,39.54448,200,10x10,OPT,FALSE,equal,49.3,55.4
j.rndn,3,92,42.21779,300,41.46725,200,10x10,OPT,FALSE,equal,49.03,55.3
j.rndn,3,93,42.55119,300,41.71693,200,10x10,OPT,FALSE,equal,49.04,55.3
j.rndn,3,94,30.41182,300,27.37581,200,10x10,OPT,FALSE,equal,42.64,57.22
j.rndn,3,95,35.40203,300,35.41521,200,10x10,OPT,FALSE,equal,44.63,54.85
j.rndn,3,96,36.94073,300,36.26099,200,10x10,OPT,FALSE,equal,45.57,54.72
j.rndn,3,97,37.56526,300,36.11224,200,10x10,OPT,FALSE,equal,45.4,54.72
j.rndn,3,98,15.55285,300,15.77002,200,10x10,OPT,FALSE,equal,40.43,56.82
j.rndn,3,99,42.35738,300,40.87703,200,10x10,OPT,FALSE,equal,48.24,55.27
